timestamp,host,cpu,tool_version,dataset,k,m,threads,op,mode,jaccard_target,jaccard_measured,result_kmers,time_s,peak_rss_mb,out_bytes,out_records,records_per_kmer,bits_per_kmer,ph_read,ph_merge,ph_order,ph_write,ph_total
2026-08-17T22:43:42+02:00,yoann-Precision-5490,Intel(R) Core(TM) Ultra 7 165H,sklib-0.15.0,ecoli,31,15,1,inter,size,0,0.0000,0,0.066,5,NA,NA,NA,NA,NA,NA,NA,NA,NA
2026-08-17T22:43:42+02:00,yoann-Precision-5490,Intel(R) Core(TM) Ultra 7 165H,sklib-0.15.0,ecoli,31,15,1,inter,nocompact,0,0.0000,0,0.076,6,65552,0,NA,NA,0.00749347,0.0606398,6.2756e-05,0.000174176,0.0683758
2026-08-17T22:43:42+02:00,yoann-Precision-5490,Intel(R) Core(TM) Ultra 7 165H,sklib-0.15.0,ecoli,31,15,1,inter,compact,0,0.0000,0,0.077,6,65552,0,NA,NA,0.00785789,0.0611233,6.3879e-05,0.000185483,0.0693474
2026-08-17T22:43:43+02:00,yoann-Precision-5490,Intel(R) Core(TM) Ultra 7 165H,sklib-0.15.0,ecoli,31,15,1,union,size,0,0.0000,9195891,0.065,5,NA,NA,NA,NA,NA,NA,NA,NA,NA
2026-08-17T22:43:44+02:00,yoann-Precision-5490,Intel(R) Core(TM) Ultra 7 165H,sklib-0.15.0,ecoli,31,15,1,union,nocompact,0,0.0000,9195891,0.462,6,165591590,9195891,1.00000,144.0570,0.00858999,0.101046,0.246839,0.0615355,0.418198
2026-08-17T22:43:45+02:00,yoann-Precision-5490,Intel(R) Core(TM) Ultra 7 165H,sklib-0.15.0,ecoli,31,15,1,union,compact,0,0.0000,9195891,0.334,6,18520682,1025285,0.11149,16.1121,0.00859776,0.0751823,0.227325,0.00937315,0.319885
2026-08-17T22:43:46+02:00,yoann-Precision-5490,Intel(R) Core(TM) Ultra 7 165H,sklib-0.15.0,ecoli,31,15,1,diffab,size,0,0.0000,4554269,0.069,5,NA,NA,NA,NA,NA,NA,NA,NA,NA
2026-08-17T22:43:46+02:00,yoann-Precision-5490,Intel(R) Core(TM) Ultra 7 165H,sklib-0.15.0,ecoli,31,15,1,diffab,nocompact,0,0.0000,4554269,0.263,5,82042394,4554269,1.00000,144.1151,0.00805319,0.0745983,0.120799,0.0274591,0.231742
2026-08-17T22:43:47+02:00,yoann-Precision-5490,Intel(R) Core(TM) Ultra 7 165H,sklib-0.15.0,ecoli,31,15,1,diffab,compact,0,0.0000,4554269,0.209,6,9217292,508430,0.11164,16.1910,0.00873199,0.068425,0.118092,0.00507987,0.20106
2026-08-17T22:43:47+02:00,yoann-Precision-5490,Intel(R) Core(TM) Ultra 7 165H,sklib-0.15.0,ecoli,31,15,1,diffba,size,0,0.0000,4641622,0.065,5,NA,NA,NA,NA,NA,NA,NA,NA,NA
2026-08-17T22:43:48+02:00,yoann-Precision-5490,Intel(R) Core(TM) Ultra 7 165H,sklib-0.15.0,ecoli,31,15,1,diffba,nocompact,0,0.0000,4641622,0.256,6,83614748,4641622,1.00000,144.1130,0.00795924,0.0734593,0.121125,0.0276126,0.230156
2026-08-17T22:43:49+02:00,yoann-Precision-5490,Intel(R) Core(TM) Ultra 7 165H,sklib-0.15.0,ecoli,31,15,1,diffba,compact,0,0.0000,4641622,0.214,6,9358466,516273,0.11123,16.1296,0.009048,0.0704813,0.122476,0.00511491,0.206979
2026-08-17T22:43:49+02:00,yoann-Precision-5490,Intel(R) Core(TM) Ultra 7 165H,sklib-0.15.0,ecoli,31,15,8,inter,size,0,0.0000,0,0.018,6,NA,NA,NA,NA,NA,NA,NA,NA,NA
2026-08-17T22:43:49+02:00,yoann-Precision-5490,Intel(R) Core(TM) Ultra 7 165H,sklib-0.15.0,ecoli,31,15,8,inter,nocompact,0,0.0000,0,0.020,6,65552,0,NA,NA,NA,NA,NA,NA,NA
2026-08-17T22:43:49+02:00,yoann-Precision-5490,Intel(R) Core(TM) Ultra 7 165H,sklib-0.15.0,ecoli,31,15,8,inter,compact,0,0.0000,0,0.020,6,65552,0,NA,NA,NA,NA,NA,NA,NA
2026-08-17T22:43:50+02:00,yoann-Precision-5490,Intel(R) Core(TM) Ultra 7 165H,sklib-0.15.0,ecoli,31,15,8,union,size,0,0.0000,9195891,0.018,6,NA,NA,NA,NA,NA,NA,NA,NA,NA
2026-08-17T22:43:50+02:00,yoann-Precision-5490,Intel(R) Core(TM) Ultra 7 165H,sklib-0.15.0,ecoli,31,15,8,union,nocompact,0,0.0000,9195891,0.173,8,165591590,9195891,1.00000,144.0570,NA,NA,NA,NA,NA
2026-08-17T22:43:50+02:00,yoann-Precision-5490,Intel(R) Core(TM) Ultra 7 165H,sklib-0.15.0,ecoli,31,15,8,union,compact,0,0.0000,9195891,0.086,7,18520682,1025285,0.11149,16.1121,NA,NA,NA,NA,NA
2026-08-17T22:43:51+02:00,yoann-Precision-5490,Intel(R) Core(TM) Ultra 7 165H,sklib-0.15.0,ecoli,31,15,8,diffab,size,0,0.0000,4554269,0.017,6,NA,NA,NA,NA,NA,NA,NA,NA,NA
2026-08-17T22:43:51+02:00,yoann-Precision-5490,Intel(R) Core(TM) Ultra 7 165H,sklib-0.15.0,ecoli,31,15,8,diffab,nocompact,0,0.0000,4554269,0.096,8,82042394,4554269,1.00000,144.1151,NA,NA,NA,NA,NA
2026-08-17T22:43:51+02:00,yoann-Precision-5490,Intel(R) Core(TM) Ultra 7 165H,sklib-0.15.0,ecoli,31,15,8,diffab,compact,0,0.0000,4554269,0.055,6,9217292,508430,0.11164,16.1910,NA,NA,NA,NA,NA
2026-08-17T22:43:51+02:00,yoann-Precision-5490,Intel(R) Core(TM) Ultra 7 165H,sklib-0.15.0,ecoli,31,15,8,diffba,size,0,0.0000,4641622,0.018,6,NA,NA,NA,NA,NA,NA,NA,NA,NA
2026-08-17T22:43:52+02:00,yoann-Precision-5490,Intel(R) Core(TM) Ultra 7 165H,sklib-0.15.0,ecoli,31,15,8,diffba,nocompact,0,0.0000,4641622,0.091,7,83614748,4641622,1.00000,144.1130,NA,NA,NA,NA,NA
2026-08-17T22:43:52+02:00,yoann-Precision-5490,Intel(R) Core(TM) Ultra 7 165H,sklib-0.15.0,ecoli,31,15,8,diffba,compact,0,0.0000,4641622,0.056,6,9358466,516273,0.11123,16.1296,NA,NA,NA,NA,NA
2026-08-17T22:43:52+02:00,yoann-Precision-5490,Intel(R) Core(TM) Ultra 7 165H,sklib-0.15.0,ecoli,31,15,1,inter,size,0.1,0.0999,834246,0.070,5,NA,NA,NA,NA,NA,NA,NA,NA,NA
2026-08-17T22:43:53+02:00,yoann-Precision-5490,Intel(R) Core(TM) Ultra 7 165H,sklib-0.15.0,ecoli,31,15,1,inter,nocompact,0.1,0.0999,834246,0.112,6,15081980,834246,1.00000,144.6286,0.00807383,0.0646013,0.0207755,0.00656075,0.0998384
2026-08-17T22:43:53+02:00,yoann-Precision-5490,Intel(R) Core(TM) Ultra 7 165H,sklib-0.15.0,ecoli,31,15,1,inter,compact,0.1,0.0999,834246,0.112,6,2444324,132154,0.15841,23.4398,0.00901196,0.0622219,0.0310374,0.00170542,0.103977
2026-08-17T22:43:53+02:00,yoann-Precision-5490,Intel(R) Core(TM) Ultra 7 165H,sklib-0.15.0,ecoli,31,15,1,union,size,0.1,0.0999,8354425,0.067,5,NA,NA,NA,NA,NA,NA,NA,NA,NA
2026-08-17T22:43:55+02:00,yoann-Precision-5490,Intel(R) Core(TM) Ultra 7 165H,sklib-0.15.0,ecoli,31,15,1,union,nocompact,0.1,0.0999,8354425,0.419,5,150445202,8354425,1.00000,144.0628,0.00885741,0.0940278,0.231543,0.0526936,0.388898
2026-08-17T22:43:56+02:00,yoann-Precision-5490,Intel(R) Core(TM) Ultra 7 165H,sklib-0.15.0,ecoli,31,15,1,union,compact,0.1,0.0999,8354425,0.338,6,17643272,976540,0.11689,16.8948,0.00860634,0.0757319,0.235189,0.00819505,0.329703
2026-08-17T22:43:56+02:00,yoann-Precision-5490,Intel(R) Core(TM) Ultra 7 165H,sklib-0.15.0,ecoli,31,15,1,diffab,size,0.1,0.0999,3720023,0.067,5,NA,NA,NA,NA,NA,NA,NA,NA,NA
2026-08-17T22:43:57+02:00,yoann-Precision-5490,Intel(R) Core(TM) Ultra 7 165H,sklib-0.15.0,ecoli,31,15,1,diffab,nocompact,0.1,0.0999,3720023,0.222,6,67025966,3720023,1.00000,144.1410,0.00799395,0.0716971,0.0988465,0.0227784,0.201221
2026-08-17T22:43:58+02:00,yoann-Precision-5490,Intel(R) Core(TM) Ultra 7 165H,sklib-0.15.0,ecoli,31,15,1,diffab,compact,0.1,0.0999,3720023,0.202,6,8251880,454796,0.12226,17.7459,0.00893511,0.0687818,0.108424,0.00477235,0.191438
2026-08-17T22:43:58+02:00,yoann-Precision-5490,Intel(R) Core(TM) Ultra 7 165H,sklib-0.15.0,ecoli,31,15,1,diffba,size,0.1,0.0999,3800156,0.065,5,NA,NA,NA,NA,NA,NA,NA,NA,NA
2026-08-17T22:43:59+02:00,yoann-Precision-5490,Intel(R) Core(TM) Ultra 7 165H,sklib-0.15.0,ecoli,31,15,1,diffba,nocompact,0.1,0.0999,3800156,0.230,6,68468360,3800156,1.00000,144.1380,0.00793092,0.0700647,0.09878,0.0236163,0.199745
2026-08-17T22:43:59+02:00,yoann-Precision-5490,Intel(R) Core(TM) Ultra 7 165H,sklib-0.15.0,ecoli,31,15,1,diffba,compact,0.1,0.0999,3800156,0.194,6,8403998,463247,0.12190,17.6919,0.008942,0.0655193,0.10449,0.0045746,0.183791
2026-08-17T22:44:00+02:00,yoann-Precision-5490,Intel(R) Core(TM) Ultra 7 165H,sklib-0.15.0,ecoli,31,15,8,inter,size,0.1,0.0999,834246,0.019,6,NA,NA,NA,NA,NA,NA,NA,NA,NA
2026-08-17T22:44:00+02:00,yoann-Precision-5490,Intel(R) Core(TM) Ultra 7 165H,sklib-0.15.0,ecoli,31,15,8,inter,nocompact,0.1,0.0999,834246,0.037,6,15081980,834246,1.00000,144.6286,NA,NA,NA,NA,NA
2026-08-17T22:44:00+02:00,yoann-Precision-5490,Intel(R) Core(TM) Ultra 7 165H,sklib-0.15.0,ecoli,31,15,8,inter,compact,0.1,0.0999,834246,0.028,6,2444324,132154,0.15841,23.4398,NA,NA,NA,NA,NA
2026-08-17T22:44:00+02:00,yoann-Precision-5490,Intel(R) Core(TM) Ultra 7 165H,sklib-0.15.0,ecoli,31,15,8,union,size,0.1,0.0999,8354425,0.018,6,NA,NA,NA,NA,NA,NA,NA,NA,NA
2026-08-17T22:44:00+02:00,yoann-Precision-5490,Intel(R) Core(TM) Ultra 7 165H,sklib-0.15.0,ecoli,31,15,8,union,nocompact,0.1,0.0999,8354425,0.162,8,150445202,8354425,1.00000,144.0628,NA,NA,NA,NA,NA
2026-08-17T22:44:01+02:00,yoann-Precision-5490,Intel(R) Core(TM) Ultra 7 165H,sklib-0.15.0,ecoli,31,15,8,union,compact,0.1,0.0999,8354425,0.086,7,17643272,976540,0.11689,16.8948,NA,NA,NA,NA,NA
2026-08-17T22:44:01+02:00,yoann-Precision-5490,Intel(R) Core(TM) Ultra 7 165H,sklib-0.15.0,ecoli,31,15,8,diffab,size,0.1,0.0999,3720023,0.019,6,NA,NA,NA,NA,NA,NA,NA,NA,NA
2026-08-17T22:44:01+02:00,yoann-Precision-5490,Intel(R) Core(TM) Ultra 7 165H,sklib-0.15.0,ecoli,31,15,8,diffab,nocompact,0.1,0.0999,3720023,0.080,6,67025966,3720023,1.00000,144.1410,NA,NA,NA,NA,NA
2026-08-17T22:44:01+02:00,yoann-Precision-5490,Intel(R) Core(TM) Ultra 7 165H,sklib-0.15.0,ecoli,31,15,8,diffab,compact,0.1,0.0999,3720023,0.051,6,8251880,454796,0.12226,17.7459,NA,NA,NA,NA,NA
2026-08-17T22:44:02+02:00,yoann-Precision-5490,Intel(R) Core(TM) Ultra 7 165H,sklib-0.15.0,ecoli,31,15,8,diffba,size,0.1,0.0999,3800156,0.019,6,NA,NA,NA,NA,NA,NA,NA,NA,NA
2026-08-17T22:44:02+02:00,yoann-Precision-5490,Intel(R) Core(TM) Ultra 7 165H,sklib-0.15.0,ecoli,31,15,8,diffba,nocompact,0.1,0.0999,3800156,0.084,6,68468360,3800156,1.00000,144.1380,NA,NA,NA,NA,NA
2026-08-17T22:44:02+02:00,yoann-Precision-5490,Intel(R) Core(TM) Ultra 7 165H,sklib-0.15.0,ecoli,31,15,8,diffba,compact,0.1,0.0999,3800156,0.052,6,8403998,463247,0.12190,17.6919,NA,NA,NA,NA,NA
2026-08-17T22:44:03+02:00,yoann-Precision-5490,Intel(R) Core(TM) Ultra 7 165H,sklib-0.15.0,ecoli,31,15,1,inter,size,0.3,0.2993,2111404,0.061,5,NA,NA,NA,NA,NA,NA,NA,NA,NA
2026-08-17T22:44:03+02:00,yoann-Precision-5490,Intel(R) Core(TM) Ultra 7 165H,sklib-0.15.0,ecoli,31,15,1,inter,nocompact,0.3,0.2993,2111404,0.156,6,38070824,2111404,1.00000,144.2484,0.00815606,0.0623806,0.0534665,0.0140883,0.138091
2026-08-17T22:44:04+02:00,yoann-Precision-5490,Intel(R) Core(TM) Ultra 7 165H,sklib-0.15.0,ecoli,31,15,1,inter,compact,0.3,0.2993,2111404,0.151,6,5125928,281132,0.13315,19.4219,0.00932448,0.0623685,0.0672004,0.00342521,0.142319
2026-08-17T22:44:04+02:00,yoann-Precision-5490,Intel(R) Core(TM) Ultra 7 165H,sklib-0.15.0,ecoli,31,15,1,union,size,0.3,0.2993,7054702,0.059,5,NA,NA,NA,NA,NA,NA,NA,NA,NA
2026-08-17T22:44:05+02:00,yoann-Precision-5490,Intel(R) Core(TM) Ultra 7 165H,sklib-0.15.0,ecoli,31,15,1,union,nocompact,0.3,0.2993,7054702,0.359,6,127050188,7054702,1.00000,144.0743,0.00872336,0.0774051,0.189586,0.0414693,0.31691
2026-08-17T22:44:06+02:00,yoann-Precision-5490,Intel(R) Core(TM) Ultra 7 165H,sklib-0.15.0,ecoli,31,15,1,union,compact,0.3,0.2993,7054702,0.296,6,15057518,832887,0.11806,17.0752,0.00894239,0.0687509,0.197168,0.00754836,0.282098
2026-08-17T22:44:06+02:00,yoann-Precision-5490,Intel(R) Core(TM) Ultra 7 165H,sklib-0.15.0,ecoli,31,15,1,diffab,size,0.3,0.2993,2442865,0.060,5,NA,NA,NA,NA,NA,NA,NA,NA,NA
2026-08-17T22:44:07+02:00,yoann-Precision-5490,Intel(R) Core(TM) Ultra 7 165H,sklib-0.15.0,ecoli,31,15,1,diffab,nocompact,0.3,0.2993,2442865,0.165,6,44037122,2442865,1.00000,144.2147,0.0081258,0.0609836,0.0657107,0.0164607,0.151281
2026-08-17T22:44:08+02:00,yoann-Precision-5490,Intel(R) Core(TM) Ultra 7 165H,sklib-0.15.0,ecoli,31,15,1,diffab,compact,0.3,0.2993,2442865,0.150,6,5797526,318443,0.13036,18.9860,0.00908298,0.0555639,0.072436,0.00342844,0.140511
2026-08-17T22:44:08+02:00,yoann-Precision-5490,Intel(R) Core(TM) Ultra 7 165H,sklib-0.15.0,ecoli,31,15,1,diffba,size,0.3,0.2993,2500433,0.059,5,NA,NA,NA,NA,NA,NA,NA,NA,NA
2026-08-17T22:44:08+02:00,yoann-Precision-5490,Intel(R) Core(TM) Ultra 7 165H,sklib-0.15.0,ecoli,31,15,1,diffba,nocompact,0.3,0.2993,2500433,0.167,6,45073346,2500433,1.00000,144.2097,0.00810907,0.0610848,0.0677022,0.0171229,0.154019
2026-08-17T22:44:09+02:00,yoann-Precision-5490,Intel(R) Core(TM) Ultra 7 165H,sklib-0.15.0,ecoli,31,15,1,diffba,compact,0.3,0.2993,2500433,0.152,6,5921096,325308,0.13010,18.9442,0.00895168,0.0559793,0.0741514,0.00348781,0.142612
2026-08-17T22:44:09+02:00,yoann-Precision-5490,Intel(R) Core(TM) Ultra 7 165H,sklib-0.15.0,ecoli,31,15,8,inter,size,0.3,0.2993,2111404,0.015,6,NA,NA,NA,NA,NA,NA,NA,NA,NA
2026-08-17T22:44:09+02:00,yoann-Precision-5490,Intel(R) Core(TM) Ultra 7 165H,sklib-0.15.0,ecoli,31,15,8,inter,nocompact,0.3,0.2993,2111404,0.061,6,38070824,2111404,1.00000,144.2484,NA,NA,NA,NA,NA
2026-08-17T22:44:09+02:00,yoann-Precision-5490,Intel(R) Core(TM) Ultra 7 165H,sklib-0.15.0,ecoli,31,15,8,inter,compact,0.3,0.2993,2111404,0.041,6,5125928,281132,0.13315,19.4219,NA,NA,NA,NA,NA
2026-08-17T22:44:10+02:00,yoann-Precision-5490,Intel(R) Core(TM) Ultra 7 165H,sklib-0.15.0,ecoli,31,15,8,union,size,0.3,0.2993,7054702,0.017,6,NA,NA,NA,NA,NA,NA,NA,NA,NA
2026-08-17T22:44:10+02:00,yoann-Precision-5490,Intel(R) Core(TM) Ultra 7 165H,sklib-0.15.0,ecoli,31,15,8,union,nocompact,0.3,0.2993,7054702,0.128,8,127050188,7054702,1.00000,144.0743,NA,NA,NA,NA,NA
2026-08-17T22:44:10+02:00,yoann-Precision-5490,Intel(R) Core(TM) Ultra 7 165H,sklib-0.15.0,ecoli,31,15,8,union,compact,0.3,0.2993,7054702,0.077,7,15057518,832887,0.11806,17.0752,NA,NA,NA,NA,NA
2026-08-17T22:44:10+02:00,yoann-Precision-5490,Intel(R) Core(TM) Ultra 7 165H,sklib-0.15.0,ecoli,31,15,8,diffab,size,0.3,0.2993,2442865,0.016,6,NA,NA,NA,NA,NA,NA,NA,NA,NA
2026-08-17T22:44:11+02:00,yoann-Precision-5490,Intel(R) Core(TM) Ultra 7 165H,sklib-0.15.0,ecoli,31,15,8,diffab,nocompact,0.3,0.2993,2442865,0.056,6,44037122,2442865,1.00000,144.2147,NA,NA,NA,NA,NA
2026-08-17T22:44:11+02:00,yoann-Precision-5490,Intel(R) Core(TM) Ultra 7 165H,sklib-0.15.0,ecoli,31,15,8,diffab,compact,0.3,0.2993,2442865,0.040,6,5797526,318443,0.13036,18.9860,NA,NA,NA,NA,NA
2026-08-17T22:44:11+02:00,yoann-Precision-5490,Intel(R) Core(TM) Ultra 7 165H,sklib-0.15.0,ecoli,31,15,8,diffba,size,0.3,0.2993,2500433,0.017,6,NA,NA,NA,NA,NA,NA,NA,NA,NA
2026-08-17T22:44:11+02:00,yoann-Precision-5490,Intel(R) Core(TM) Ultra 7 165H,sklib-0.15.0,ecoli,31,15,8,diffba,nocompact,0.3,0.2993,2500433,0.060,6,45073346,2500433,1.00000,144.2097,NA,NA,NA,NA,NA
2026-08-17T22:44:11+02:00,yoann-Precision-5490,Intel(R) Core(TM) Ultra 7 165H,sklib-0.15.0,ecoli,31,15,8,diffba,compact,0.3,0.2993,2500433,0.040,6,5921096,325308,0.13010,18.9442,NA,NA,NA,NA,NA
2026-08-17T22:44:12+02:00,yoann-Precision-5490,Intel(R) Core(TM) Ultra 7 165H,sklib-0.15.0,ecoli,31,15,1,inter,size,0.5,0.4994,3046090,0.048,5,NA,NA,NA,NA,NA,NA,NA,NA,NA
2026-08-17T22:44:12+02:00,yoann-Precision-5490,Intel(R) Core(TM) Ultra 7 165H,sklib-0.15.0,ecoli,31,15,1,inter,nocompact,0.5,0.4994,3046090,0.188,6,54895172,3046090,1.00000,144.1722,0.00810877,0.0581225,0.0811247,0.0196313,0.166959
2026-08-17T22:44:13+02:00,yoann-Precision-5490,Intel(R) Core(TM) Ultra 7 165H,sklib-0.15.0,ecoli,31,15,1,inter,compact,0.5,0.4994,3046090,0.162,6,6809738,374677,0.12300,17.8845,0.00869542,0.0536998,0.0866546,0.00376783,0.152207
2026-08-17T22:44:13+02:00,yoann-Precision-5490,Intel(R) Core(TM) Ultra 7 165H,sklib-0.15.0,ecoli,31,15,1,union,size,0.5,0.4994,6099523,0.048,5,NA,NA,NA,NA,NA,NA,NA,NA,NA
2026-08-17T22:44:14+02:00,yoann-Precision-5490,Intel(R) Core(TM) Ultra 7 165H,sklib-0.15.0,ecoli,31,15,1,union,nocompact,0.5,0.4994,6099523,0.315,6,109856966,6099523,1.00000,144.0860,0.00846956,0.0683341,0.170808,0.0360445,0.284132
2026-08-17T22:44:15+02:00,yoann-Precision-5490,Intel(R) Core(TM) Ultra 7 165H,sklib-0.15.0,ecoli,31,15,1,union,compact,0.5,0.4994,6099523,0.257,6,12918740,714066,0.11707,16.9439,0.00895897,0.0606849,0.172815,0.0066836,0.2496
2026-08-17T22:44:15+02:00,yoann-Precision-5490,Intel(R) Core(TM) Ultra 7 165H,sklib-0.15.0,ecoli,31,15,1,diffab,size,0.5,0.4994,1508179,0.047,5,NA,NA,NA,NA,NA,NA,NA,NA,NA
2026-08-17T22:44:16+02:00,yoann-Precision-5490,Intel(R) Core(TM) Ultra 7 165H,sklib-0.15.0,ecoli,31,15,1,diffab,nocompact,0.5,0.4994,1508179,0.113,6,27212774,1508179,1.00000,144.3477,0.00769038,0.0430718,0.0383437,0.0099106,0.0990165
2026-08-17T22:44:16+02:00,yoann-Precision-5490,Intel(R) Core(TM) Ultra 7 165H,sklib-0.15.0,ecoli,31,15,1,diffab,compact,0.5,0.4994,1508179,0.111,6,3721928,203132,0.13469,19.7426,0.00851218,0.0420496,0.0501827,0.00241108,0.103387
2026-08-17T22:44:16+02:00,yoann-Precision-5490,Intel(R) Core(TM) Ultra 7 165H,sklib-0.15.0,ecoli,31,15,1,diffba,size,0.5,0.4994,1545254,0.052,5,NA,NA,NA,NA,NA,NA,NA,NA,NA
2026-08-17T22:44:17+02:00,yoann-Precision-5490,Intel(R) Core(TM) Ultra 7 165H,sklib-0.15.0,ecoli,31,15,1,diffba,nocompact,0.5,0.4994,1545254,0.113,6,27880124,1545254,1.00000,144.3394,0.00773173,0.0426309,0.0387609,0.00993842,0.098987
2026-08-17T22:44:17+02:00,yoann-Precision-5490,Intel(R) Core(TM) Ultra 7 165H,sklib-0.15.0,ecoli,31,15,1,diffba,compact,0.5,0.4994,1545254,0.105,6,3805862,207795,0.13447,19.7035,0.00798665,0.0399048,0.0486868,0.00216291,0.0987412
2026-08-17T22:44:17+02:00,yoann-Precision-5490,Intel(R) Core(TM) Ultra 7 165H,sklib-0.15.0,ecoli,31,15,8,inter,size,0.5,0.4994,3046090,0.016,6,NA,NA,NA,NA,NA,NA,NA,NA,NA
2026-08-17T22:44:18+02:00,yoann-Precision-5490,Intel(R) Core(TM) Ultra 7 165H,sklib-0.15.0,ecoli,31,15,8,inter,nocompact,0.5,0.4994,3046090,0.069,6,54895172,3046090,1.00000,144.1722,NA,NA,NA,NA,NA
2026-08-17T22:44:18+02:00,yoann-Precision-5490,Intel(R) Core(TM) Ultra 7 165H,sklib-0.15.0,ecoli,31,15,8,inter,compact,0.5,0.4994,3046090,0.044,6,6809738,374677,0.12300,17.8845,NA,NA,NA,NA,NA
2026-08-17T22:44:18+02:00,yoann-Precision-5490,Intel(R) Core(TM) Ultra 7 165H,sklib-0.15.0,ecoli,31,15,8,union,size,0.5,0.4994,6099523,0.015,6,NA,NA,NA,NA,NA,NA,NA,NA,NA
2026-08-17T22:44:18+02:00,yoann-Precision-5490,Intel(R) Core(TM) Ultra 7 165H,sklib-0.15.0,ecoli,31,15,8,union,nocompact,0.5,0.4994,6099523,0.113,7,109856966,6099523,1.00000,144.0860,NA,NA,NA,NA,NA
2026-08-17T22:44:19+02:00,yoann-Precision-5490,Intel(R) Core(TM) Ultra 7 165H,sklib-0.15.0,ecoli,31,15,8,union,compact,0.5,0.4994,6099523,0.065,7,12918740,714066,0.11707,16.9439,NA,NA,NA,NA,NA
2026-08-17T22:44:19+02:00,yoann-Precision-5490,Intel(R) Core(TM) Ultra 7 165H,sklib-0.15.0,ecoli,31,15,8,diffab,size,0.5,0.4994,1508179,0.016,6,NA,NA,NA,NA,NA,NA,NA,NA,NA
2026-08-17T22:44:19+02:00,yoann-Precision-5490,Intel(R) Core(TM) Ultra 7 165H,sklib-0.15.0,ecoli,31,15,8,diffab,nocompact,0.5,0.4994,1508179,0.044,6,27212774,1508179,1.00000,144.3477,NA,NA,NA,NA,NA
2026-08-17T22:44:19+02:00,yoann-Precision-5490,Intel(R) Core(TM) Ultra 7 165H,sklib-0.15.0,ecoli,31,15,8,diffab,compact,0.5,0.4994,1508179,0.030,6,3721928,203132,0.13469,19.7426,NA,NA,NA,NA,NA
2026-08-17T22:44:19+02:00,yoann-Precision-5490,Intel(R) Core(TM) Ultra 7 165H,sklib-0.15.0,ecoli,31,15,8,diffba,size,0.5,0.4994,1545254,0.014,6,NA,NA,NA,NA,NA,NA,NA,NA,NA
2026-08-17T22:44:19+02:00,yoann-Precision-5490,Intel(R) Core(TM) Ultra 7 165H,sklib-0.15.0,ecoli,31,15,8,diffba,nocompact,0.5,0.4994,1545254,0.047,6,27880124,1545254,1.00000,144.3394,NA,NA,NA,NA,NA
2026-08-17T22:44:19+02:00,yoann-Precision-5490,Intel(R) Core(TM) Ultra 7 165H,sklib-0.15.0,ecoli,31,15,8,diffba,compact,0.5,0.4994,1545254,0.031,6,3805862,207795,0.13447,19.7035,NA,NA,NA,NA,NA
2026-08-17T22:44:20+02:00,yoann-Precision-5490,Intel(R) Core(TM) Ultra 7 165H,sklib-0.15.0,ecoli,31,15,1,inter,size,0.7,0.6973,3750215,0.037,5,NA,NA,NA,NA,NA,NA,NA,NA,NA
2026-08-17T22:44:20+02:00,yoann-Precision-5490,Intel(R) Core(TM) Ultra 7 165H,sklib-0.15.0,ecoli,31,15,1,inter,nocompact,0.7,0.6973,3750215,0.196,5,67569422,3750215,1.00000,144.1398,0.00789374,0.0472985,0.0985497,0.0225017,0.176208
2026-08-17T22:44:21+02:00,yoann-Precision-5490,Intel(R) Core(TM) Ultra 7 165H,sklib-0.15.0,ecoli,31,15,1,inter,compact,0.7,0.6973,3750215,0.168,6,7969982,439135,0.11710,17.0017,0.0088484,0.0433506,0.102729,0.00475688,0.159685
2026-08-17T22:44:21+02:00,yoann-Precision-5490,Intel(R) Core(TM) Ultra 7 165H,sklib-0.15.0,ecoli,31,15,1,union,size,0.7,0.6973,5378127,0.036,5,NA,NA,NA,NA,NA,NA,NA,NA,NA
2026-08-17T22:44:22+02:00,yoann-Precision-5490,Intel(R) Core(TM) Ultra 7 165H,sklib-0.15.0,ecoli,31,15,1,union,nocompact,0.7,0.6973,5378127,0.275,6,96871838,5378127,1.00000,144.0975,0.00839017,0.0540486,0.149499,0.0317849,0.243722
2026-08-17T22:44:23+02:00,yoann-Precision-5490,Intel(R) Core(TM) Ultra 7 165H,sklib-0.15.0,ecoli,31,15,1,union,compact,0.7,0.6973,5378127,0.212,6,11218766,619623,0.11521,16.6880,0.00881182,0.045652,0.142513,0.00548895,0.202393
2026-08-17T22:44:23+02:00,yoann-Precision-5490,Intel(R) Core(TM) Ultra 7 165H,sklib-0.15.0,ecoli,31,15,1,diffab,size,0.7,0.6973,804054,0.037,5,NA,NA,NA,NA,NA,NA,NA,NA,NA
2026-08-17T22:44:23+02:00,yoann-Precision-5490,Intel(R) Core(TM) Ultra 7 165H,sklib-0.15.0,ecoli,31,15,1,diffab,nocompact,0.7,0.6973,804054,0.071,6,14538524,804054,1.00000,144.6522,0.00812483,0.0271363,0.0200743,0.00611064,0.0614461
2026-08-17T22:44:24+02:00,yoann-Precision-5490,Intel(R) Core(TM) Ultra 7 165H,sklib-0.15.0,ecoli,31,15,1,diffab,compact,0.7,0.6973,804054,0.070,6,2055074,110529,0.13746,20.4471,0.0079555,0.0255492,0.0290318,0.00137881,0.0639153
2026-08-17T22:44:24+02:00,yoann-Precision-5490,Intel(R) Core(TM) Ultra 7 165H,sklib-0.15.0,ecoli,31,15,1,diffba,size,0.7,0.6973,823858,0.039,5,NA,NA,NA,NA,NA,NA,NA,NA,NA
2026-08-17T22:44:24+02:00,yoann-Precision-5490,Intel(R) Core(TM) Ultra 7 165H,sklib-0.15.0,ecoli,31,15,1,diffba,nocompact,0.7,0.6973,823858,0.071,6,14894996,823858,1.00000,144.6365,0.00758852,0.026831,0.0201743,0.00586238,0.0604958
2026-08-17T22:44:25+02:00,yoann-Precision-5490,Intel(R) Core(TM) Ultra 7 165H,sklib-0.15.0,ecoli,31,15,1,diffba,compact,0.7,0.6973,823858,0.072,6,2096708,112842,0.13697,20.3599,0.00808062,0.0254005,0.029341,0.00150541,0.065171
2026-08-17T22:44:25+02:00,yoann-Precision-5490,Intel(R) Core(TM) Ultra 7 165H,sklib-0.15.0,ecoli,31,15,8,inter,size,0.7,0.6973,3750215,0.013,6,NA,NA,NA,NA,NA,NA,NA,NA,NA
2026-08-17T22:44:25+02:00,yoann-Precision-5490,Intel(R) Core(TM) Ultra 7 165H,sklib-0.15.0,ecoli,31,15,8,inter,nocompact,0.7,0.6973,3750215,0.076,7,67569422,3750215,1.00000,144.1398,NA,NA,NA,NA,NA
2026-08-17T22:44:25+02:00,yoann-Precision-5490,Intel(R) Core(TM) Ultra 7 165H,sklib-0.15.0,ecoli,31,15,8,inter,compact,0.7,0.6973,3750215,0.047,6,7969982,439135,0.11710,17.0017,NA,NA,NA,NA,NA
2026-08-17T22:44:25+02:00,yoann-Precision-5490,Intel(R) Core(TM) Ultra 7 165H,sklib-0.15.0,ecoli,31,15,8,union,size,0.7,0.6973,5378127,0.014,6,NA,NA,NA,NA,NA,NA,NA,NA,NA
2026-08-17T22:44:26+02:00,yoann-Precision-5490,Intel(R) Core(TM) Ultra 7 165H,sklib-0.15.0,ecoli,31,15,8,union,nocompact,0.7,0.6973,5378127,0.098,7,96871838,5378127,1.00000,144.0975,NA,NA,NA,NA,NA
2026-08-17T22:44:26+02:00,yoann-Precision-5490,Intel(R) Core(TM) Ultra 7 165H,sklib-0.15.0,ecoli,31,15,8,union,compact,0.7,0.6973,5378127,0.060,7,11218766,619623,0.11521,16.6880,NA,NA,NA,NA,NA
2026-08-17T22:44:26+02:00,yoann-Precision-5490,Intel(R) Core(TM) Ultra 7 165H,sklib-0.15.0,ecoli,31,15,8,diffab,size,0.7,0.6973,804054,0.012,6,NA,NA,NA,NA,NA,NA,NA,NA,NA
2026-08-17T22:44:26+02:00,yoann-Precision-5490,Intel(R) Core(TM) Ultra 7 165H,sklib-0.15.0,ecoli,31,15,8,diffab,nocompact,0.7,0.6973,804054,0.028,6,14538524,804054,1.00000,144.6522,NA,NA,NA,NA,NA
2026-08-17T22:44:26+02:00,yoann-Precision-5490,Intel(R) Core(TM) Ultra 7 165H,sklib-0.15.0,ecoli,31,15,8,diffab,compact,0.7,0.6973,804054,0.022,6,2055074,110529,0.13746,20.4471,NA,NA,NA,NA,NA
2026-08-17T22:44:26+02:00,yoann-Precision-5490,Intel(R) Core(TM) Ultra 7 165H,sklib-0.15.0,ecoli,31,15,8,diffba,size,0.7,0.6973,823858,0.013,6,NA,NA,NA,NA,NA,NA,NA,NA,NA
2026-08-17T22:44:26+02:00,yoann-Precision-5490,Intel(R) Core(TM) Ultra 7 165H,sklib-0.15.0,ecoli,31,15,8,diffba,nocompact,0.7,0.6973,823858,0.031,6,14894996,823858,1.00000,144.6365,NA,NA,NA,NA,NA
2026-08-17T22:44:27+02:00,yoann-Precision-5490,Intel(R) Core(TM) Ultra 7 165H,sklib-0.15.0,ecoli,31,15,8,diffba,compact,0.7,0.6973,823858,0.022,6,2096708,112842,0.13697,20.3599,NA,NA,NA,NA,NA
2026-08-17T22:44:27+02:00,yoann-Precision-5490,Intel(R) Core(TM) Ultra 7 165H,sklib-0.15.0,ecoli,31,15,1,inter,size,0.9,0.8982,4312923,0.023,5,NA,NA,NA,NA,NA,NA,NA,NA,NA
2026-08-17T22:44:28+02:00,yoann-Precision-5490,Intel(R) Core(TM) Ultra 7 165H,sklib-0.15.0,ecoli,31,15,1,inter,nocompact,0.9,0.8982,4312923,0.214,6,77698166,4312923,1.00000,144.1216,0.00809739,0.03961,0.118878,0.0257457,0.192524
2026-08-17T22:44:28+02:00,yoann-Precision-5490,Intel(R) Core(TM) Ultra 7 165H,sklib-0.15.0,ecoli,31,15,1,inter,compact,0.9,0.8982,4312923,0.175,6,8851802,488125,0.11318,16.4191,0.00884535,0.0344013,0.118465,0.0047256,0.166519
2026-08-17T22:44:28+02:00,yoann-Precision-5490,Intel(R) Core(TM) Ultra 7 165H,sklib-0.15.0,ecoli,31,15,1,union,size,0.9,0.8982,4801926,0.026,5,NA,NA,NA,NA,NA,NA,NA,NA,NA
2026-08-17T22:44:29+02:00,yoann-Precision-5490,Intel(R) Core(TM) Ultra 7 165H,sklib-0.15.0,ecoli,31,15,1,union,nocompact,0.9,0.8982,4801926,0.230,5,86500220,4801926,1.00000,144.1092,0.00803888,0.0411088,0.132751,0.0279855,0.209839
2026-08-17T22:44:30+02:00,yoann-Precision-5490,Intel(R) Core(TM) Ultra 7 165H,sklib-0.15.0,ecoli,31,15,1,union,compact,0.9,0.8982,4801926,0.188,6,9825206,542203,0.11291,16.3688,0.0089718,0.0348337,0.130704,0.00555399,0.180173
2026-08-17T22:44:30+02:00,yoann-Precision-5490,Intel(R) Core(TM) Ultra 7 165H,sklib-0.15.0,ecoli,31,15,1,diffab,size,0.9,0.8982,241346,0.026,5,NA,NA,NA,NA,NA,NA,NA,NA,NA
2026-08-17T22:44:30+02:00,yoann-Precision-5490,Intel(R) Core(TM) Ultra 7 165H,sklib-0.15.0,ecoli,31,15,1,diffab,nocompact,0.9,0.8982,241346,0.036,6,4409780,241346,1.00000,146.1729,0.00764761,0.0123787,0.00543108,0.00237041,0.0278278
2026-08-17T22:44:30+02:00,yoann-Precision-5490,Intel(R) Core(TM) Ultra 7 165H,sklib-0.15.0,ecoli,31,15,1,diffab,compact,0.9,0.8982,241346,0.033,6,670874,33629,0.13934,22.2377,0.00696819,0.0101952,0.00983595,0.000629357,0.0276287
2026-08-17T22:44:31+02:00,yoann-Precision-5490,Intel(R) Core(TM) Ultra 7 165H,sklib-0.15.0,ecoli,31,15,1,diffba,size,0.9,0.8982,247657,0.026,5,NA,NA,NA,NA,NA,NA,NA,NA,NA
2026-08-17T22:44:31+02:00,yoann-Precision-5490,Intel(R) Core(TM) Ultra 7 165H,sklib-0.15.0,ecoli,31,15,1,diffba,nocompact,0.9,0.8982,247657,0.032,6,4523378,247657,1.00000,146.1175,0.00674716,0.0106936,0.0048457,0.0020788,0.0243515
2026-08-17T22:44:31+02:00,yoann-Precision-5490,Intel(R) Core(TM) Ultra 7 165H,sklib-0.15.0,ecoli,31,15,1,diffba,compact,0.9,0.8982,247657,0.034,6,684842,34405,0.13892,22.1223,0.00720093,0.0102942,0.0100656,0.000648237,0.0281679
2026-08-17T22:44:31+02:00,yoann-Precision-5490,Intel(R) Core(TM) Ultra 7 165H,sklib-0.15.0,ecoli,31,15,8,inter,size,0.9,0.8982,4312923,0.012,6,NA,NA,NA,NA,NA,NA,NA,NA,NA
2026-08-17T22:44:31+02:00,yoann-Precision-5490,Intel(R) Core(TM) Ultra 7 165H,sklib-0.15.0,ecoli,31,15,8,inter,nocompact,0.9,0.8982,4312923,0.082,7,77698166,4312923,1.00000,144.1216,NA,NA,NA,NA,NA
2026-08-17T22:44:32+02:00,yoann-Precision-5490,Intel(R) Core(TM) Ultra 7 165H,sklib-0.15.0,ecoli,31,15,8,inter,compact,0.9,0.8982,4312923,0.048,7,8851802,488125,0.11318,16.4191,NA,NA,NA,NA,NA
2026-08-17T22:44:32+02:00,yoann-Precision-5490,Intel(R) Core(TM) Ultra 7 165H,sklib-0.15.0,ecoli,31,15,8,union,size,0.9,0.8982,4801926,0.013,6,NA,NA,NA,NA,NA,NA,NA,NA,NA
2026-08-17T22:44:32+02:00,yoann-Precision-5490,Intel(R) Core(TM) Ultra 7 165H,sklib-0.15.0,ecoli,31,15,8,union,nocompact,0.9,0.8982,4801926,0.090,7,86500220,4801926,1.00000,144.1092,NA,NA,NA,NA,NA
2026-08-17T22:44:32+02:00,yoann-Precision-5490,Intel(R) Core(TM) Ultra 7 165H,sklib-0.15.0,ecoli,31,15,8,union,compact,0.9,0.8982,4801926,0.050,7,9825206,542203,0.11291,16.3688,NA,NA,NA,NA,NA
2026-08-17T22:44:32+02:00,yoann-Precision-5490,Intel(R) Core(TM) Ultra 7 165H,sklib-0.15.0,ecoli,31,15,8,diffab,size,0.9,0.8982,241346,0.011,6,NA,NA,NA,NA,NA,NA,NA,NA,NA
2026-08-17T22:44:32+02:00,yoann-Precision-5490,Intel(R) Core(TM) Ultra 7 165H,sklib-0.15.0,ecoli,31,15,8,diffab,nocompact,0.9,0.8982,241346,0.020,6,4409780,241346,1.00000,146.1729,NA,NA,NA,NA,NA
2026-08-17T22:44:33+02:00,yoann-Precision-5490,Intel(R) Core(TM) Ultra 7 165H,sklib-0.15.0,ecoli,31,15,8,diffab,compact,0.9,0.8982,241346,0.013,6,670874,33629,0.13934,22.2377,NA,NA,NA,NA,NA
2026-08-17T22:44:33+02:00,yoann-Precision-5490,Intel(R) Core(TM) Ultra 7 165H,sklib-0.15.0,ecoli,31,15,8,diffba,size,0.9,0.8982,247657,0.012,6,NA,NA,NA,NA,NA,NA,NA,NA,NA
2026-08-17T22:44:33+02:00,yoann-Precision-5490,Intel(R) Core(TM) Ultra 7 165H,sklib-0.15.0,ecoli,31,15,8,diffba,nocompact,0.9,0.8982,247657,0.021,6,4523378,247657,1.00000,146.1175,NA,NA,NA,NA,NA
2026-08-17T22:44:33+02:00,yoann-Precision-5490,Intel(R) Core(TM) Ultra 7 165H,sklib-0.15.0,ecoli,31,15,8,diffba,compact,0.9,0.8982,247657,0.014,6,684842,34405,0.13892,22.1223,NA,NA,NA,NA,NA
2026-08-17T22:44:33+02:00,yoann-Precision-5490,Intel(R) Core(TM) Ultra 7 165H,sklib-0.15.0,ecoli,31,15,1,inter,size,1.0,1.0000,4554269,0.018,5,NA,NA,NA,NA,NA,NA,NA,NA,NA
2026-08-17T22:44:34+02:00,yoann-Precision-5490,Intel(R) Core(TM) Ultra 7 165H,sklib-0.15.0,ecoli,31,15,1,inter,nocompact,1.0,1.0000,4554269,0.213,6,82042394,4554269,1.00000,144.1151,0.00791516,0.0332032,0.122557,0.0267039,0.190362
2026-08-17T22:44:35+02:00,yoann-Precision-5490,Intel(R) Core(TM) Ultra 7 165H,sklib-0.15.0,ecoli,31,15,1,inter,compact,1.0,1.0000,4554269,0.172,6,9217292,508430,0.11164,16.1910,0.00854091,0.0278523,0.120239,0.00482461,0.161357
2026-08-17T22:44:35+02:00,yoann-Precision-5490,Intel(R) Core(TM) Ultra 7 165H,sklib-0.15.0,ecoli,31,15,1,union,size,1.0,1.0000,4554269,0.017,5,NA,NA,NA,NA,NA,NA,NA,NA,NA
2026-08-17T22:44:35+02:00,yoann-Precision-5490,Intel(R) Core(TM) Ultra 7 165H,sklib-0.15.0,ecoli,31,15,1,union,nocompact,1.0,1.0000,4554269,0.211,6,82042394,4554269,1.00000,144.1151,0.00812984,0.0342018,0.126977,0.0272891,0.196597
2026-08-17T22:44:36+02:00,yoann-Precision-5490,Intel(R) Core(TM) Ultra 7 165H,sklib-0.15.0,ecoli,31,15,1,union,compact,1.0,1.0000,4554269,0.179,6,9217292,508430,0.11164,16.1910,0.00861068,0.0290157,0.12488,0.00495216,0.168129
2026-08-17T22:44:36+02:00,yoann-Precision-5490,Intel(R) Core(TM) Ultra 7 165H,sklib-0.15.0,ecoli,31,15,1,diffab,size,1.0,1.0000,0,0.016,5,NA,NA,NA,NA,NA,NA,NA,NA,NA
2026-08-17T22:44:36+02:00,yoann-Precision-5490,Intel(R) Core(TM) Ultra 7 165H,sklib-0.15.0,ecoli,31,15,1,diffab,nocompact,1.0,1.0000,0,0.025,6,65552,0,NA,NA,0.0112391,0.0068917,0.000106486,0.000284968,0.0185223
2026-08-17T22:44:37+02:00,yoann-Precision-5490,Intel(R) Core(TM) Ultra 7 165H,sklib-0.15.0,ecoli,31,15,1,diffab,compact,1.0,1.0000,0,0.024,6,65552,0,NA,NA,0.0110211,0.00719253,9.8053e-05,0.000272081,0.0185837
2026-08-17T22:44:37+02:00,yoann-Precision-5490,Intel(R) Core(TM) Ultra 7 165H,sklib-0.15.0,ecoli,31,15,1,diffba,size,1.0,1.0000,0,0.018,5,NA,NA,NA,NA,NA,NA,NA,NA,NA
2026-08-17T22:44:37+02:00,yoann-Precision-5490,Intel(R) Core(TM) Ultra 7 165H,sklib-0.15.0,ecoli,31,15,1,diffba,nocompact,1.0,1.0000,0,0.019,6,65552,0,NA,NA,0.00829,0.00418943,6.188e-05,0.000164672,0.012706
2026-08-17T22:44:37+02:00,yoann-Precision-5490,Intel(R) Core(TM) Ultra 7 165H,sklib-0.15.0,ecoli,31,15,1,diffba,compact,1.0,1.0000,0,0.020,6,65552,0,NA,NA,0.0080146,0.00465347,6.9992e-05,0.000188393,0.0129046
2026-08-17T22:44:37+02:00,yoann-Precision-5490,Intel(R) Core(TM) Ultra 7 165H,sklib-0.15.0,ecoli,31,15,8,inter,size,1.0,1.0000,4554269,0.011,6,NA,NA,NA,NA,NA,NA,NA,NA,NA
2026-08-17T22:44:37+02:00,yoann-Precision-5490,Intel(R) Core(TM) Ultra 7 165H,sklib-0.15.0,ecoli,31,15,8,inter,nocompact,1.0,1.0000,4554269,0.085,7,82042394,4554269,1.00000,144.1151,NA,NA,NA,NA,NA
2026-08-17T22:44:38+02:00,yoann-Precision-5490,Intel(R) Core(TM) Ultra 7 165H,sklib-0.15.0,ecoli,31,15,8,inter,compact,1.0,1.0000,4554269,0.048,7,9217292,508430,0.11164,16.1910,NA,NA,NA,NA,NA
2026-08-17T22:44:38+02:00,yoann-Precision-5490,Intel(R) Core(TM) Ultra 7 165H,sklib-0.15.0,ecoli,31,15,8,union,size,1.0,1.0000,4554269,0.011,6,NA,NA,NA,NA,NA,NA,NA,NA,NA
2026-08-17T22:44:38+02:00,yoann-Precision-5490,Intel(R) Core(TM) Ultra 7 165H,sklib-0.15.0,ecoli,31,15,8,union,nocompact,1.0,1.0000,4554269,0.089,7,82042394,4554269,1.00000,144.1151,NA,NA,NA,NA,NA
2026-08-17T22:44:38+02:00,yoann-Precision-5490,Intel(R) Core(TM) Ultra 7 165H,sklib-0.15.0,ecoli,31,15,8,union,compact,1.0,1.0000,4554269,0.048,6,9217292,508430,0.11164,16.1910,NA,NA,NA,NA,NA
2026-08-17T22:44:38+02:00,yoann-Precision-5490,Intel(R) Core(TM) Ultra 7 165H,sklib-0.15.0,ecoli,31,15,8,diffab,size,1.0,1.0000,0,0.011,6,NA,NA,NA,NA,NA,NA,NA,NA,NA
2026-08-17T22:44:38+02:00,yoann-Precision-5490,Intel(R) Core(TM) Ultra 7 165H,sklib-0.15.0,ecoli,31,15,8,diffab,nocompact,1.0,1.0000,0,0.010,6,65552,0,NA,NA,NA,NA,NA,NA,NA
2026-08-17T22:44:38+02:00,yoann-Precision-5490,Intel(R) Core(TM) Ultra 7 165H,sklib-0.15.0,ecoli,31,15,8,diffab,compact,1.0,1.0000,0,0.011,6,65552,0,NA,NA,NA,NA,NA,NA,NA
2026-08-17T22:44:39+02:00,yoann-Precision-5490,Intel(R) Core(TM) Ultra 7 165H,sklib-0.15.0,ecoli,31,15,8,diffba,size,1.0,1.0000,0,0.011,6,NA,NA,NA,NA,NA,NA,NA,NA,NA
2026-08-17T22:44:39+02:00,yoann-Precision-5490,Intel(R) Core(TM) Ultra 7 165H,sklib-0.15.0,ecoli,31,15,8,diffba,nocompact,1.0,1.0000,0,0.010,6,65552,0,NA,NA,NA,NA,NA,NA,NA
2026-08-17T22:44:39+02:00,yoann-Precision-5490,Intel(R) Core(TM) Ultra 7 165H,sklib-0.15.0,ecoli,31,15,8,diffba,compact,1.0,1.0000,0,0.011,6,65552,0,NA,NA,NA,NA,NA,NA,NA
2026-08-17T22:44:39+02:00,yoann-Precision-5490,Intel(R) Core(TM) Ultra 7 165H,sklib-0.15.0,ecoli,63,31,1,inter,size,0,0.0000,0,0.064,6,NA,NA,NA,NA,NA,NA,NA,NA,NA
2026-08-17T22:44:40+02:00,yoann-Precision-5490,Intel(R) Core(TM) Ultra 7 165H,sklib-0.15.0,ecoli,63,31,1,inter,nocompact,0,0.0000,0,0.060,6,65552,0,NA,NA,0.00732524,0.0463581,6.4263e-05,0.000221811,0.053965
2026-08-17T22:44:40+02:00,yoann-Precision-5490,Intel(R) Core(TM) Ultra 7 165H,sklib-0.15.0,ecoli,63,31,1,inter,compact,0,0.0000,0,0.060,6,65552,0,NA,NA,0.00740856,0.0460858,5.9859e-05,0.000222778,0.0539058
2026-08-17T22:44:40+02:00,yoann-Precision-5490,Intel(R) Core(TM) Ultra 7 165H,sklib-0.15.0,ecoli,63,31,1,union,size,0,0.0000,9209260,0.068,6,NA,NA,NA,NA,NA,NA,NA,NA,NA
2026-08-17T22:44:43+02:00,yoann-Precision-5490,Intel(R) Core(TM) Ultra 7 165H,sklib-0.15.0,ecoli,63,31,1,union,nocompact,0,0.0000,9209260,0.779,6,313180392,9209260,1.00000,272.0569,0.0097665,0.18989,0.393202,0.11372,0.706578
2026-08-17T22:44:44+02:00,yoann-Precision-5490,Intel(R) Core(TM) Ultra 7 165H,sklib-0.15.0,ecoli,63,31,1,union,compact,0,0.0000,9209260,0.376,6,18482706,541681,0.05882,16.0558,0.00907191,0.0781015,0.265718,0.00913147,0.363015
2026-08-17T22:44:44+02:00,yoann-Precision-5490,Intel(R) Core(TM) Ultra 7 165H,sklib-0.15.0,ecoli,63,31,1,diffab,size,0,0.0000,4567670,0.066,6,NA,NA,NA,NA,NA,NA,NA,NA,NA
2026-08-17T22:44:45+02:00,yoann-Precision-5490,Intel(R) Core(TM) Ultra 7 165H,sklib-0.15.0,ecoli,63,31,1,diffab,nocompact,0,0.0000,4567670,0.398,6,155366332,4567670,1.00000,272.1148,0.00864112,0.0865358,0.191606,0.0568021,0.345794
2026-08-17T22:44:46+02:00,yoann-Precision-5490,Intel(R) Core(TM) Ultra 7 165H,sklib-0.15.0,ecoli,63,31,1,diffab,compact,0,0.0000,4567670,0.217,6,9202678,268739,0.05884,16.1179,0.00855767,0.0599986,0.133355,0.00514325,0.206886
2026-08-17T22:44:46+02:00,yoann-Precision-5490,Intel(R) Core(TM) Ultra 7 165H,sklib-0.15.0,ecoli,63,31,1,diffba,size,0,0.0000,4641590,0.066,6,NA,NA,NA,NA,NA,NA,NA,NA,NA
2026-08-17T22:44:48+02:00,yoann-Precision-5490,Intel(R) Core(TM) Ultra 7 165H,sklib-0.15.0,ecoli,63,31,1,diffba,nocompact,0,0.0000,4641590,0.385,6,157879612,4641590,1.00000,272.1130,0.00822544,0.0833379,0.186143,0.0548328,0.332808
2026-08-17T22:44:48+02:00,yoann-Precision-5490,Intel(R) Core(TM) Ultra 7 165H,sklib-0.15.0,ecoli,63,31,1,diffba,compact,0,0.0000,4641590,0.219,6,9345580,272942,0.05880,16.1075,0.00844558,0.0610006,0.135244,0.00519317,0.209883
2026-08-17T22:44:49+02:00,yoann-Precision-5490,Intel(R) Core(TM) Ultra 7 165H,sklib-0.15.0,ecoli,63,31,8,inter,size,0,0.0000,0,0.024,6,NA,NA,NA,NA,NA,NA,NA,NA,NA
2026-08-17T22:44:49+02:00,yoann-Precision-5490,Intel(R) Core(TM) Ultra 7 165H,sklib-0.15.0,ecoli,63,31,8,inter,nocompact,0,0.0000,0,0.019,6,65552,0,NA,NA,NA,NA,NA,NA,NA
2026-08-17T22:44:49+02:00,yoann-Precision-5490,Intel(R) Core(TM) Ultra 7 165H,sklib-0.15.0,ecoli,63,31,8,inter,compact,0,0.0000,0,0.018,6,65552,0,NA,NA,NA,NA,NA,NA,NA
2026-08-17T22:44:49+02:00,yoann-Precision-5490,Intel(R) Core(TM) Ultra 7 165H,sklib-0.15.0,ecoli,63,31,8,union,size,0,0.0000,9209260,0.022,6,NA,NA,NA,NA,NA,NA,NA,NA,NA
2026-08-17T22:44:50+02:00,yoann-Precision-5490,Intel(R) Core(TM) Ultra 7 165H,sklib-0.15.0,ecoli,63,31,8,union,nocompact,0,0.0000,9209260,0.253,10,313180392,9209260,1.00000,272.0569,NA,NA,NA,NA,NA
2026-08-17T22:44:50+02:00,yoann-Precision-5490,Intel(R) Core(TM) Ultra 7 165H,sklib-0.15.0,ecoli,63,31,8,union,compact,0,0.0000,9209260,0.091,8,18482706,541681,0.05882,16.0558,NA,NA,NA,NA,NA
2026-08-17T22:44:50+02:00,yoann-Precision-5490,Intel(R) Core(TM) Ultra 7 165H,sklib-0.15.0,ecoli,63,31,8,diffab,size,0,0.0000,4567670,0.023,6,NA,NA,NA,NA,NA,NA,NA,NA,NA
2026-08-17T22:44:51+02:00,yoann-Precision-5490,Intel(R) Core(TM) Ultra 7 165H,sklib-0.15.0,ecoli,63,31,8,diffab,nocompact,0,0.0000,4567670,0.148,8,155366332,4567670,1.00000,272.1148,NA,NA,NA,NA,NA
2026-08-17T22:44:51+02:00,yoann-Precision-5490,Intel(R) Core(TM) Ultra 7 165H,sklib-0.15.0,ecoli,63,31,8,diffab,compact,0,0.0000,4567670,0.057,7,9202678,268739,0.05884,16.1179,NA,NA,NA,NA,NA
2026-08-17T22:44:51+02:00,yoann-Precision-5490,Intel(R) Core(TM) Ultra 7 165H,sklib-0.15.0,ecoli,63,31,8,diffba,size,0,0.0000,4641590,0.024,6,NA,NA,NA,NA,NA,NA,NA,NA,NA
2026-08-17T22:44:51+02:00,yoann-Precision-5490,Intel(R) Core(TM) Ultra 7 165H,sklib-0.15.0,ecoli,63,31,8,diffba,nocompact,0,0.0000,4641590,0.143,8,157879612,4641590,1.00000,272.1130,NA,NA,NA,NA,NA
2026-08-17T22:44:52+02:00,yoann-Precision-5490,Intel(R) Core(TM) Ultra 7 165H,sklib-0.15.0,ecoli,63,31,8,diffba,compact,0,0.0000,4641590,0.058,7,9345580,272942,0.05880,16.1075,NA,NA,NA,NA,NA
2026-08-17T22:44:52+02:00,yoann-Precision-5490,Intel(R) Core(TM) Ultra 7 165H,sklib-0.15.0,ecoli,63,31,1,inter,size,0.1,0.1005,840542,0.067,5,NA,NA,NA,NA,NA,NA,NA,NA,NA
2026-08-17T22:44:53+02:00,yoann-Precision-5490,Intel(R) Core(TM) Ultra 7 165H,sklib-0.15.0,ecoli,63,31,1,inter,nocompact,0.1,0.1005,840542,0.113,6,28643980,840542,1.00000,272.6239,0.00833928,0.0527035,0.0299448,0.0112496,0.102363
2026-08-17T22:44:53+02:00,yoann-Precision-5490,Intel(R) Core(TM) Ultra 7 165H,sklib-0.15.0,ecoli,63,31,1,inter,compact,0.1,0.1005,840542,0.104,6,2461124,70458,0.08382,23.4242,0.00834009,0.0507057,0.0348473,0.00168741,0.0954483
2026-08-17T22:44:53+02:00,yoann-Precision-5490,Intel(R) Core(TM) Ultra 7 165H,sklib-0.15.0,ecoli,63,31,1,union,size,0.1,0.1005,8362728,0.068,5,NA,NA,NA,NA,NA,NA,NA,NA,NA
2026-08-17T22:44:56+02:00,yoann-Precision-5490,Intel(R) Core(TM) Ultra 7 165H,sklib-0.15.0,ecoli,63,31,1,union,nocompact,0.1,0.1005,8362728,0.705,6,284398304,8362728,1.00000,272.0627,0.00976944,0.156454,0.36722,0.0992986,0.632294
2026-08-17T22:44:57+02:00,yoann-Precision-5490,Intel(R) Core(TM) Ultra 7 165H,sklib-0.15.0,ecoli,63,31,1,union,compact,0.1,0.1005,8362728,0.352,6,17632536,516676,0.06178,16.8677,0.00907644,0.0736198,0.248556,0.00881608,0.339979
2026-08-17T22:44:57+02:00,yoann-Precision-5490,Intel(R) Core(TM) Ultra 7 165H,sklib-0.15.0,ecoli,63,31,1,diffab,size,0.1,0.1005,3727128,0.067,5,NA,NA,NA,NA,NA,NA,NA,NA,NA
2026-08-17T22:44:58+02:00,yoann-Precision-5490,Intel(R) Core(TM) Ultra 7 165H,sklib-0.15.0,ecoli,63,31,1,diffab,nocompact,0.1,0.1005,3727128,0.307,6,126787904,3727128,1.00000,272.1407,0.00827312,0.0718953,0.150315,0.0414905,0.274211
2026-08-17T22:44:59+02:00,yoann-Precision-5490,Intel(R) Core(TM) Ultra 7 165H,sklib-0.15.0,ecoli,63,31,1,diffab,compact,0.1,0.1005,3727128,0.199,6,8241770,240477,0.06452,17.6903,0.00859858,0.0588672,0.116212,0.00487683,0.188167
2026-08-17T22:44:59+02:00,yoann-Precision-5490,Intel(R) Core(TM) Ultra 7 165H,sklib-0.15.0,ecoli,63,31,1,diffba,size,0.1,0.1005,3795058,0.067,6,NA,NA,NA,NA,NA,NA,NA,NA,NA
2026-08-17T22:45:00+02:00,yoann-Precision-5490,Intel(R) Core(TM) Ultra 7 165H,sklib-0.15.0,ecoli,63,31,1,diffba,nocompact,0.1,0.1005,3795058,0.317,6,129097524,3795058,1.00000,272.1382,0.00861727,0.0745892,0.15842,0.0440442,0.287036
2026-08-17T22:45:01+02:00,yoann-Precision-5490,Intel(R) Core(TM) Ultra 7 165H,sklib-0.15.0,ecoli,63,31,1,diffba,compact,0.1,0.1005,3795058,0.209,6,8388004,244778,0.06450,17.6820,0.00883775,0.0626891,0.124704,0.00503804,0.201027
2026-08-17T22:45:01+02:00,yoann-Precision-5490,Intel(R) Core(TM) Ultra 7 165H,sklib-0.15.0,ecoli,63,31,8,inter,size,0.1,0.1005,840542,0.023,6,NA,NA,NA,NA,NA,NA,NA,NA,NA
2026-08-17T22:45:01+02:00,yoann-Precision-5490,Intel(R) Core(TM) Ultra 7 165H,sklib-0.15.0,ecoli,63,31,8,inter,nocompact,0.1,0.1005,840542,0.044,6,28643980,840542,1.00000,272.6239,NA,NA,NA,NA,NA
2026-08-17T22:45:01+02:00,yoann-Precision-5490,Intel(R) Core(TM) Ultra 7 165H,sklib-0.15.0,ecoli,63,31,8,inter,compact,0.1,0.1005,840542,0.029,6,2461124,70458,0.08382,23.4242,NA,NA,NA,NA,NA
2026-08-17T22:45:01+02:00,yoann-Precision-5490,Intel(R) Core(TM) Ultra 7 165H,sklib-0.15.0,ecoli,63,31,8,union,size,0.1,0.1005,8362728,0.021,6,NA,NA,NA,NA,NA,NA,NA,NA,NA
2026-08-17T22:45:02+02:00,yoann-Precision-5490,Intel(R) Core(TM) Ultra 7 165H,sklib-0.15.0,ecoli,63,31,8,union,nocompact,0.1,0.1005,8362728,0.234,9,284398304,8362728,1.00000,272.0627,NA,NA,NA,NA,NA
2026-08-17T22:45:02+02:00,yoann-Precision-5490,Intel(R) Core(TM) Ultra 7 165H,sklib-0.15.0,ecoli,63,31,8,union,compact,0.1,0.1005,8362728,0.092,8,17632536,516676,0.06178,16.8677,NA,NA,NA,NA,NA
2026-08-17T22:45:03+02:00,yoann-Precision-5490,Intel(R) Core(TM) Ultra 7 165H,sklib-0.15.0,ecoli,63,31,8,diffab,size,0.1,0.1005,3727128,0.022,6,NA,NA,NA,NA,NA,NA,NA,NA,NA
2026-08-17T22:45:03+02:00,yoann-Precision-5490,Intel(R) Core(TM) Ultra 7 165H,sklib-0.15.0,ecoli,63,31,8,diffab,nocompact,0.1,0.1005,3727128,0.119,8,126787904,3727128,1.00000,272.1407,NA,NA,NA,NA,NA
2026-08-17T22:45:03+02:00,yoann-Precision-5490,Intel(R) Core(TM) Ultra 7 165H,sklib-0.15.0,ecoli,63,31,8,diffab,compact,0.1,0.1005,3727128,0.054,7,8241770,240477,0.06452,17.6903,NA,NA,NA,NA,NA
2026-08-17T22:45:03+02:00,yoann-Precision-5490,Intel(R) Core(TM) Ultra 7 165H,sklib-0.15.0,ecoli,63,31,8,diffba,size,0.1,0.1005,3795058,0.025,6,NA,NA,NA,NA,NA,NA,NA,NA,NA
2026-08-17T22:45:04+02:00,yoann-Precision-5490,Intel(R) Core(TM) Ultra 7 165H,sklib-0.15.0,ecoli,63,31,8,diffba,nocompact,0.1,0.1005,3795058,0.121,8,129097524,3795058,1.00000,272.1382,NA,NA,NA,NA,NA
2026-08-17T22:45:04+02:00,yoann-Precision-5490,Intel(R) Core(TM) Ultra 7 165H,sklib-0.15.0,ecoli,63,31,8,diffba,compact,0.1,0.1005,3795058,0.053,7,8388004,244778,0.06450,17.6820,NA,NA,NA,NA,NA
2026-08-17T22:45:04+02:00,yoann-Precision-5490,Intel(R) Core(TM) Ultra 7 165H,sklib-0.15.0,ecoli,63,31,1,inter,size,0.3,0.2992,2114865,0.055,5,NA,NA,NA,NA,NA,NA,NA,NA,NA
2026-08-17T22:45:05+02:00,yoann-Precision-5490,Intel(R) Core(TM) Ultra 7 165H,sklib-0.15.0,ecoli,63,31,1,inter,nocompact,0.3,0.2992,2114865,0.196,6,71970962,2114865,1.00000,272.2480,0.00800826,0.0591197,0.0850479,0.0242289,0.176498
2026-08-17T22:45:06+02:00,yoann-Precision-5490,Intel(R) Core(TM) Ultra 7 165H,sklib-0.15.0,ecoli,63,31,1,inter,compact,0.3,0.2992,2114865,0.150,6,5119074,148633,0.07028,19.3642,0.00853025,0.0535429,0.0748739,0.00330789,0.139897
2026-08-17T22:45:06+02:00,yoann-Precision-5490,Intel(R) Core(TM) Ultra 7 165H,sklib-0.15.0,ecoli,63,31,1,union,size,0.3,0.2992,7069541,0.058,6,NA,NA,NA,NA,NA,NA,NA,NA,NA
2026-08-17T22:45:08+02:00,yoann-Precision-5490,Intel(R) Core(TM) Ultra 7 165H,sklib-0.15.0,ecoli,63,31,1,union,nocompact,0.3,0.2992,7069541,0.544,6,240429946,7069541,1.00000,272.0742,0.00873028,0.0945734,0.296182,0.0725504,0.472037
2026-08-17T22:45:09+02:00,yoann-Precision-5490,Intel(R) Core(TM) Ultra 7 165H,sklib-0.15.0,ecoli,63,31,1,union,compact,0.3,0.2992,7069541,0.330,6,15059280,440992,0.06238,17.0413,0.00920169,0.0716735,0.227816,0.00782861,0.316884
2026-08-17T22:45:09+02:00,yoann-Precision-5490,Intel(R) Core(TM) Ultra 7 165H,sklib-0.15.0,ecoli,63,31,1,diffab,size,0.3,0.2992,2452805,0.057,6,NA,NA,NA,NA,NA,NA,NA,NA,NA
2026-08-17T22:45:10+02:00,yoann-Precision-5490,Intel(R) Core(TM) Ultra 7 165H,sklib-0.15.0,ecoli,63,31,1,diffab,nocompact,0.3,0.2992,2452805,0.213,6,83460922,2452805,1.00000,272.2138,0.00791021,0.053356,0.0960912,0.0269428,0.183468
2026-08-17T22:45:10+02:00,yoann-Precision-5490,Intel(R) Core(TM) Ultra 7 165H,sklib-0.15.0,ecoli,63,31,1,diffab,compact,0.3,0.2992,2452805,0.158,6,5795606,168531,0.06871,18.9028,0.00867866,0.0489038,0.0864398,0.00380561,0.147828
2026-08-17T22:45:11+02:00,yoann-Precision-5490,Intel(R) Core(TM) Ultra 7 165H,sklib-0.15.0,ecoli,63,31,1,diffba,size,0.3,0.2992,2501871,0.056,5,NA,NA,NA,NA,NA,NA,NA,NA,NA
2026-08-17T22:45:11+02:00,yoann-Precision-5490,Intel(R) Core(TM) Ultra 7 165H,sklib-0.15.0,ecoli,63,31,1,diffba,nocompact,0.3,0.2992,2501871,0.220,6,85129166,2501871,1.00000,272.2096,0.0079178,0.0525174,0.0983691,0.0270796,0.185884
2026-08-17T22:45:12+02:00,yoann-Precision-5490,Intel(R) Core(TM) Ultra 7 165H,sklib-0.15.0,ecoli,63,31,1,diffba,compact,0.3,0.2992,2501871,0.155,6,5904508,171734,0.06864,18.8803,0.0086817,0.047113,0.0850672,0.00369948,0.144315
2026-08-17T22:45:12+02:00,yoann-Precision-5490,Intel(R) Core(TM) Ultra 7 165H,sklib-0.15.0,ecoli,63,31,8,inter,size,0.3,0.2992,2114865,0.019,6,NA,NA,NA,NA,NA,NA,NA,NA,NA
2026-08-17T22:45:12+02:00,yoann-Precision-5490,Intel(R) Core(TM) Ultra 7 165H,sklib-0.15.0,ecoli,63,31,8,inter,nocompact,0.3,0.2992,2114865,0.087,7,71970962,2114865,1.00000,272.2480,NA,NA,NA,NA,NA
2026-08-17T22:45:13+02:00,yoann-Precision-5490,Intel(R) Core(TM) Ultra 7 165H,sklib-0.15.0,ecoli,63,31,8,inter,compact,0.3,0.2992,2114865,0.039,6,5119074,148633,0.07028,19.3642,NA,NA,NA,NA,NA
2026-08-17T22:45:13+02:00,yoann-Precision-5490,Intel(R) Core(TM) Ultra 7 165H,sklib-0.15.0,ecoli,63,31,8,union,size,0.3,0.2992,7069541,0.020,6,NA,NA,NA,NA,NA,NA,NA,NA,NA
2026-08-17T22:45:13+02:00,yoann-Precision-5490,Intel(R) Core(TM) Ultra 7 165H,sklib-0.15.0,ecoli,63,31,8,union,nocompact,0.3,0.2992,7069541,0.189,9,240429946,7069541,1.00000,272.0742,NA,NA,NA,NA,NA
2026-08-17T22:45:14+02:00,yoann-Precision-5490,Intel(R) Core(TM) Ultra 7 165H,sklib-0.15.0,ecoli,63,31,8,union,compact,0.3,0.2992,7069541,0.078,7,15059280,440992,0.06238,17.0413,NA,NA,NA,NA,NA
2026-08-17T22:45:14+02:00,yoann-Precision-5490,Intel(R) Core(TM) Ultra 7 165H,sklib-0.15.0,ecoli,63,31,8,diffab,size,0.3,0.2992,2452805,0.019,6,NA,NA,NA,NA,NA,NA,NA,NA,NA
2026-08-17T22:45:14+02:00,yoann-Precision-5490,Intel(R) Core(TM) Ultra 7 165H,sklib-0.15.0,ecoli,63,31,8,diffab,nocompact,0.3,0.2992,2452805,0.090,8,83460922,2452805,1.00000,272.2138,NA,NA,NA,NA,NA
2026-08-17T22:45:14+02:00,yoann-Precision-5490,Intel(R) Core(TM) Ultra 7 165H,sklib-0.15.0,ecoli,63,31,8,diffab,compact,0.3,0.2992,2452805,0.043,6,5795606,168531,0.06871,18.9028,NA,NA,NA,NA,NA
2026-08-17T22:45:14+02:00,yoann-Precision-5490,Intel(R) Core(TM) Ultra 7 165H,sklib-0.15.0,ecoli,63,31,8,diffba,size,0.3,0.2992,2501871,0.018,6,NA,NA,NA,NA,NA,NA,NA,NA,NA
2026-08-17T22:45:15+02:00,yoann-Precision-5490,Intel(R) Core(TM) Ultra 7 165H,sklib-0.15.0,ecoli,63,31,8,diffba,nocompact,0.3,0.2992,2501871,0.091,7,85129166,2501871,1.00000,272.2096,NA,NA,NA,NA,NA
2026-08-17T22:45:15+02:00,yoann-Precision-5490,Intel(R) Core(TM) Ultra 7 165H,sklib-0.15.0,ecoli,63,31,8,diffba,compact,0.3,0.2992,2501871,0.043,6,5904508,171734,0.06864,18.8803,NA,NA,NA,NA,NA
2026-08-17T22:45:15+02:00,yoann-Precision-5490,Intel(R) Core(TM) Ultra 7 165H,sklib-0.15.0,ecoli,63,31,1,inter,size,0.5,0.4970,3043241,0.043,5,NA,NA,NA,NA,NA,NA,NA,NA,NA
2026-08-17T22:45:16+02:00,yoann-Precision-5490,Intel(R) Core(TM) Ultra 7 165H,sklib-0.15.0,ecoli,63,31,1,inter,nocompact,0.5,0.4970,3043241,0.249,6,103535746,3043241,1.00000,272.1723,0.00872194,0.0603455,0.131489,0.0355401,0.236097
2026-08-17T22:45:17+02:00,yoann-Precision-5490,Intel(R) Core(TM) Ultra 7 165H,sklib-0.15.0,ecoli,63,31,1,inter,compact,0.5,0.4970,3043241,0.179,6,6768652,197150,0.06478,17.7933,0.00882395,0.0517538,0.103004,0.00425841,0.168124
2026-08-17T22:45:17+02:00,yoann-Precision-5490,Intel(R) Core(TM) Ultra 7 165H,sklib-0.15.0,ecoli,63,31,1,union,size,0.5,0.4970,6123428,0.043,5,NA,NA,NA,NA,NA,NA,NA,NA,NA
2026-08-17T22:45:18+02:00,yoann-Precision-5490,Intel(R) Core(TM) Ultra 7 165H,sklib-0.15.0,ecoli,63,31,1,union,nocompact,0.5,0.4970,6123428,0.483,6,208262104,6123428,1.00000,272.0856,0.00859666,0.0761037,0.265591,0.0636817,0.413957
2026-08-17T22:45:19+02:00,yoann-Precision-5490,Intel(R) Core(TM) Ultra 7 165H,sklib-0.15.0,ecoli,63,31,1,union,compact,0.5,0.4970,6123428,0.282,6,12935266,378521,0.06182,16.8994,0.00898055,0.0601102,0.195927,0.00666075,0.271281
2026-08-17T22:45:20+02:00,yoann-Precision-5490,Intel(R) Core(TM) Ultra 7 165H,sklib-0.15.0,ecoli,63,31,1,diffab,size,0.5,0.4970,1524429,0.047,5,NA,NA,NA,NA,NA,NA,NA,NA,NA
2026-08-17T22:45:20+02:00,yoann-Precision-5490,Intel(R) Core(TM) Ultra 7 165H,sklib-0.15.0,ecoli,63,31,1,diffab,nocompact,0.5,0.4970,1524429,0.144,6,51896138,1524429,1.00000,272.3440,0.00776126,0.0377437,0.0585803,0.0179422,0.121448
2026-08-17T22:45:21+02:00,yoann-Precision-5490,Intel(R) Core(TM) Ultra 7 165H,sklib-0.15.0,ecoli,63,31,1,diffab,compact,0.5,0.4970,1524429,0.110,6,3748636,108326,0.07106,19.6723,0.00852957,0.0334577,0.0564011,0.00241576,0.100804
2026-08-17T22:45:21+02:00,yoann-Precision-5490,Intel(R) Core(TM) Ultra 7 165H,sklib-0.15.0,ecoli,63,31,1,diffba,size,0.5,0.4970,1555758,0.044,5,NA,NA,NA,NA,NA,NA,NA,NA,NA
2026-08-17T22:45:21+02:00,yoann-Precision-5490,Intel(R) Core(TM) Ultra 7 165H,sklib-0.15.0,ecoli,63,31,1,diffba,nocompact,0.5,0.4970,1555758,0.141,6,52961324,1555758,1.00000,272.3371,0.00808115,0.0387996,0.0611964,0.0194735,0.127551
2026-08-17T22:45:22+02:00,yoann-Precision-5490,Intel(R) Core(TM) Ultra 7 165H,sklib-0.15.0,ecoli,63,31,1,diffba,compact,0.5,0.4970,1555758,0.111,6,3809326,110111,0.07078,19.5883,0.00877355,0.0336225,0.0574577,0.00239884,0.102253
2026-08-17T22:45:22+02:00,yoann-Precision-5490,Intel(R) Core(TM) Ultra 7 165H,sklib-0.15.0,ecoli,63,31,8,inter,size,0.5,0.4970,3043241,0.016,6,NA,NA,NA,NA,NA,NA,NA,NA,NA
2026-08-17T22:45:22+02:00,yoann-Precision-5490,Intel(R) Core(TM) Ultra 7 165H,sklib-0.15.0,ecoli,63,31,8,inter,nocompact,0.5,0.4970,3043241,0.099,8,103535746,3043241,1.00000,272.1723,NA,NA,NA,NA,NA
2026-08-17T22:45:22+02:00,yoann-Precision-5490,Intel(R) Core(TM) Ultra 7 165H,sklib-0.15.0,ecoli,63,31,8,inter,compact,0.5,0.4970,3043241,0.047,7,6768652,197150,0.06478,17.7933,NA,NA,NA,NA,NA
2026-08-17T22:45:22+02:00,yoann-Precision-5490,Intel(R) Core(TM) Ultra 7 165H,sklib-0.15.0,ecoli,63,31,8,union,size,0.5,0.4970,6123428,0.015,6,NA,NA,NA,NA,NA,NA,NA,NA,NA
2026-08-17T22:45:23+02:00,yoann-Precision-5490,Intel(R) Core(TM) Ultra 7 165H,sklib-0.15.0,ecoli,63,31,8,union,nocompact,0.5,0.4970,6123428,0.173,8,208262104,6123428,1.00000,272.0856,NA,NA,NA,NA,NA
2026-08-17T22:45:23+02:00,yoann-Precision-5490,Intel(R) Core(TM) Ultra 7 165H,sklib-0.15.0,ecoli,63,31,8,union,compact,0.5,0.4970,6123428,0.073,7,12935266,378521,0.06182,16.8994,NA,NA,NA,NA,NA
2026-08-17T22:45:23+02:00,yoann-Precision-5490,Intel(R) Core(TM) Ultra 7 165H,sklib-0.15.0,ecoli,63,31,8,diffab,size,0.5,0.4970,1524429,0.016,6,NA,NA,NA,NA,NA,NA,NA,NA,NA
2026-08-17T22:45:24+02:00,yoann-Precision-5490,Intel(R) Core(TM) Ultra 7 165H,sklib-0.15.0,ecoli,63,31,8,diffab,nocompact,0.5,0.4970,1524429,0.064,7,51896138,1524429,1.00000,272.3440,NA,NA,NA,NA,NA
2026-08-17T22:45:24+02:00,yoann-Precision-5490,Intel(R) Core(TM) Ultra 7 165H,sklib-0.15.0,ecoli,63,31,8,diffab,compact,0.5,0.4970,1524429,0.032,6,3748636,108326,0.07106,19.6723,NA,NA,NA,NA,NA
2026-08-17T22:45:24+02:00,yoann-Precision-5490,Intel(R) Core(TM) Ultra 7 165H,sklib-0.15.0,ecoli,63,31,8,diffba,size,0.5,0.4970,1555758,0.016,6,NA,NA,NA,NA,NA,NA,NA,NA,NA
2026-08-17T22:45:24+02:00,yoann-Precision-5490,Intel(R) Core(TM) Ultra 7 165H,sklib-0.15.0,ecoli,63,31,8,diffba,nocompact,0.5,0.4970,1555758,0.065,7,52961324,1555758,1.00000,272.3371,NA,NA,NA,NA,NA
2026-08-17T22:45:24+02:00,yoann-Precision-5490,Intel(R) Core(TM) Ultra 7 165H,sklib-0.15.0,ecoli,63,31,8,diffba,compact,0.5,0.4970,1555758,0.032,6,3809326,110111,0.07078,19.5883,NA,NA,NA,NA,NA
2026-08-17T22:45:25+02:00,yoann-Precision-5490,Intel(R) Core(TM) Ultra 7 165H,sklib-0.15.0,ecoli,63,31,1,inter,size,0.7,0.6990,3765586,0.034,5,NA,NA,NA,NA,NA,NA,NA,NA,NA
2026-08-17T22:45:26+02:00,yoann-Precision-5490,Intel(R) Core(TM) Ultra 7 165H,sklib-0.15.0,ecoli,63,31,1,inter,nocompact,0.7,0.6990,3765586,0.298,6,128095476,3765586,1.00000,272.1393,0.00824051,0.0589101,0.15274,0.0419134,0.260764
2026-08-17T22:45:26+02:00,yoann-Precision-5490,Intel(R) Core(TM) Ultra 7 165H,sklib-0.15.0,ecoli,63,31,1,inter,compact,0.7,0.6990,3765586,0.185,6,7962358,232259,0.06168,16.9161,0.00855135,0.0442166,0.116846,0.00463689,0.174124
2026-08-17T22:45:27+02:00,yoann-Precision-5490,Intel(R) Core(TM) Ultra 7 165H,sklib-0.15.0,ecoli,63,31,1,union,size,0.7,0.6990,5387423,0.034,5,NA,NA,NA,NA,NA,NA,NA,NA,NA
2026-08-17T22:45:28+02:00,yoann-Precision-5490,Intel(R) Core(TM) Ultra 7 165H,sklib-0.15.0,ecoli,63,31,1,union,nocompact,0.7,0.6990,5387423,0.410,6,183237934,5387423,1.00000,272.0973,0.00866328,0.0730744,0.228316,0.0615325,0.37066
2026-08-17T22:45:29+02:00,yoann-Precision-5490,Intel(R) Core(TM) Ultra 7 165H,sklib-0.15.0,ecoli,63,31,1,union,compact,0.7,0.6990,5387423,0.242,6,11205924,327658,0.06082,16.6401,0.00868812,0.0509428,0.163672,0.00590671,0.229209
2026-08-17T22:45:29+02:00,yoann-Precision-5490,Intel(R) Core(TM) Ultra 7 165H,sklib-0.15.0,ecoli,63,31,1,diffab,size,0.7,0.6990,802084,0.034,5,NA,NA,NA,NA,NA,NA,NA,NA,NA
2026-08-17T22:45:29+02:00,yoann-Precision-5490,Intel(R) Core(TM) Ultra 7 165H,sklib-0.15.0,ecoli,63,31,1,diffab,nocompact,0.7,0.6990,802084,0.088,6,27336408,802084,1.00000,272.6538,0.00780346,0.0240846,0.0300612,0.0100799,0.0720293
2026-08-17T22:45:30+02:00,yoann-Precision-5490,Intel(R) Core(TM) Ultra 7 165H,sklib-0.15.0,ecoli,63,31,1,diffab,compact,0.7,0.6990,802084,0.067,6,2040646,58091,0.07243,20.3534,0.00757392,0.0197679,0.0306629,0.00127622,0.059281
2026-08-17T22:45:30+02:00,yoann-Precision-5490,Intel(R) Core(TM) Ultra 7 165H,sklib-0.15.0,ecoli,63,31,1,diffba,size,0.7,0.6990,819753,0.033,5,NA,NA,NA,NA,NA,NA,NA,NA,NA
2026-08-17T22:45:30+02:00,yoann-Precision-5490,Intel(R) Core(TM) Ultra 7 165H,sklib-0.15.0,ecoli,63,31,1,diffba,nocompact,0.7,0.6990,819753,0.080,6,27937154,819753,1.00000,272.6397,0.00752896,0.0229901,0.0294078,0.0103633,0.0702901
2026-08-17T22:45:30+02:00,yoann-Precision-5490,Intel(R) Core(TM) Ultra 7 165H,sklib-0.15.0,ecoli,63,31,1,diffba,compact,0.7,0.6990,819753,0.070,6,2083758,59359,0.07241,20.3355,0.00807911,0.0206551,0.0322731,0.00145102,0.062486
2026-08-17T22:45:30+02:00,yoann-Precision-5490,Intel(R) Core(TM) Ultra 7 165H,sklib-0.15.0,ecoli,63,31,8,inter,size,0.7,0.6990,3765586,0.013,6,NA,NA,NA,NA,NA,NA,NA,NA,NA
2026-08-17T22:45:31+02:00,yoann-Precision-5490,Intel(R) Core(TM) Ultra 7 165H,sklib-0.15.0,ecoli,63,31,8,inter,nocompact,0.7,0.6990,3765586,0.123,8,128095476,3765586,1.00000,272.1393,NA,NA,NA,NA,NA
2026-08-17T22:45:31+02:00,yoann-Precision-5490,Intel(R) Core(TM) Ultra 7 165H,sklib-0.15.0,ecoli,63,31,8,inter,compact,0.7,0.6990,3765586,0.052,7,7962358,232259,0.06168,16.9161,NA,NA,NA,NA,NA
2026-08-17T22:45:31+02:00,yoann-Precision-5490,Intel(R) Core(TM) Ultra 7 165H,sklib-0.15.0,ecoli,63,31,8,union,size,0.7,0.6990,5387423,0.012,6,NA,NA,NA,NA,NA,NA,NA,NA,NA
2026-08-17T22:45:32+02:00,yoann-Precision-5490,Intel(R) Core(TM) Ultra 7 165H,sklib-0.15.0,ecoli,63,31,8,union,nocompact,0.7,0.6990,5387423,0.152,8,183237934,5387423,1.00000,272.0973,NA,NA,NA,NA,NA
2026-08-17T22:45:32+02:00,yoann-Precision-5490,Intel(R) Core(TM) Ultra 7 165H,sklib-0.15.0,ecoli,63,31,8,union,compact,0.7,0.6990,5387423,0.062,7,11205924,327658,0.06082,16.6401,NA,NA,NA,NA,NA
2026-08-17T22:45:32+02:00,yoann-Precision-5490,Intel(R) Core(TM) Ultra 7 165H,sklib-0.15.0,ecoli,63,31,8,diffab,size,0.7,0.6990,802084,0.013,6,NA,NA,NA,NA,NA,NA,NA,NA,NA
2026-08-17T22:45:32+02:00,yoann-Precision-5490,Intel(R) Core(TM) Ultra 7 165H,sklib-0.15.0,ecoli,63,31,8,diffab,nocompact,0.7,0.6990,802084,0.043,6,27336408,802084,1.00000,272.6538,NA,NA,NA,NA,NA
2026-08-17T22:45:32+02:00,yoann-Precision-5490,Intel(R) Core(TM) Ultra 7 165H,sklib-0.15.0,ecoli,63,31,8,diffab,compact,0.7,0.6990,802084,0.022,6,2040646,58091,0.07243,20.3534,NA,NA,NA,NA,NA
2026-08-17T22:45:32+02:00,yoann-Precision-5490,Intel(R) Core(TM) Ultra 7 165H,sklib-0.15.0,ecoli,63,31,8,diffba,size,0.7,0.6990,819753,0.013,6,NA,NA,NA,NA,NA,NA,NA,NA,NA
2026-08-17T22:45:33+02:00,yoann-Precision-5490,Intel(R) Core(TM) Ultra 7 165H,sklib-0.15.0,ecoli,63,31,8,diffba,nocompact,0.7,0.6990,819753,0.043,6,27937154,819753,1.00000,272.6397,NA,NA,NA,NA,NA
2026-08-17T22:45:33+02:00,yoann-Precision-5490,Intel(R) Core(TM) Ultra 7 165H,sklib-0.15.0,ecoli,63,31,8,diffba,compact,0.7,0.6990,819753,0.021,6,2083758,59359,0.07241,20.3355,NA,NA,NA,NA,NA
2026-08-17T22:45:33+02:00,yoann-Precision-5490,Intel(R) Core(TM) Ultra 7 165H,sklib-0.15.0,ecoli,63,31,1,inter,size,0.9,0.8984,4325949,0.021,5,NA,NA,NA,NA,NA,NA,NA,NA,NA
2026-08-17T22:45:34+02:00,yoann-Precision-5490,Intel(R) Core(TM) Ultra 7 165H,sklib-0.15.0,ecoli,63,31,1,inter,nocompact,0.9,0.8984,4325949,0.338,6,147147818,4325949,1.00000,272.1212,0.00844874,0.0579241,0.183407,0.0519322,0.301588
2026-08-17T22:45:35+02:00,yoann-Precision-5490,Intel(R) Core(TM) Ultra 7 165H,sklib-0.15.0,ecoli,63,31,1,inter,compact,0.9,0.8984,4325949,0.200,6,8837688,258004,0.05964,16.3436,0.00885882,0.0412924,0.135195,0.00486439,0.190376
2026-08-17T22:45:35+02:00,yoann-Precision-5490,Intel(R) Core(TM) Ultra 7 165H,sklib-0.15.0,ecoli,63,31,1,union,size,0.9,0.8984,4814967,0.024,5,NA,NA,NA,NA,NA,NA,NA,NA,NA
2026-08-17T22:45:36+02:00,yoann-Precision-5490,Intel(R) Core(TM) Ultra 7 165H,sklib-0.15.0,ecoli,63,31,1,union,nocompact,0.9,0.8984,4814967,0.375,6,163774430,4814967,1.00000,272.1089,0.00850162,0.0640707,0.204044,0.0590196,0.335636
2026-08-17T22:45:37+02:00,yoann-Precision-5490,Intel(R) Core(TM) Ultra 7 165H,sklib-0.15.0,ecoli,63,31,1,union,compact,0.9,0.8984,4814967,0.210,6,9811346,286641,0.05953,16.3014,0.00863083,0.0412306,0.144424,0.0052479,0.199097
2026-08-17T22:45:37+02:00,yoann-Precision-5490,Intel(R) Core(TM) Ultra 7 165H,sklib-0.15.0,ecoli,63,31,1,diffab,size,0.9,0.8984,241721,0.019,5,NA,NA,NA,NA,NA,NA,NA,NA,NA
2026-08-17T22:45:37+02:00,yoann-Precision-5490,Intel(R) Core(TM) Ultra 7 165H,sklib-0.15.0,ecoli,63,31,1,diffab,nocompact,0.9,0.8984,241721,0.033,6,8284066,241721,1.00000,274.1695,0.00691827,0.00962792,0.00643618,0.00328278,0.0262417
2026-08-17T22:45:38+02:00,yoann-Precision-5490,Intel(R) Core(TM) Ultra 7 165H,sklib-0.15.0,ecoli,63,31,1,diffab,compact,0.9,0.8984,241721,0.037,6,667522,17705,0.07325,22.0923,0.00814648,0.00932994,0.0110034,0.000748546,0.0292283
2026-08-17T22:45:38+02:00,yoann-Precision-5490,Intel(R) Core(TM) Ultra 7 165H,sklib-0.15.0,ecoli,63,31,1,diffba,size,0.9,0.8984,247297,0.020,5,NA,NA,NA,NA,NA,NA,NA,NA,NA
2026-08-17T22:45:38+02:00,yoann-Precision-5490,Intel(R) Core(TM) Ultra 7 165H,sklib-0.15.0,ecoli,63,31,1,diffba,nocompact,0.9,0.8984,247297,0.035,6,8473650,247297,1.00000,274.1206,0.00707897,0.00982984,0.00675273,0.0034181,0.0270256
2026-08-17T22:45:38+02:00,yoann-Precision-5490,Intel(R) Core(TM) Ultra 7 165H,sklib-0.15.0,ecoli,63,31,1,diffba,compact,0.9,0.8984,247297,0.033,6,680748,18094,0.07317,22.0220,0.00748527,0.00812614,0.00989872,0.000651042,0.0261612
2026-08-17T22:45:38+02:00,yoann-Precision-5490,Intel(R) Core(TM) Ultra 7 165H,sklib-0.15.0,ecoli,63,31,8,inter,size,0.9,0.8984,4325949,0.012,6,NA,NA,NA,NA,NA,NA,NA,NA,NA
2026-08-17T22:45:39+02:00,yoann-Precision-5490,Intel(R) Core(TM) Ultra 7 165H,sklib-0.15.0,ecoli,63,31,8,inter,nocompact,0.9,0.8984,4325949,0.137,8,147147818,4325949,1.00000,272.1212,NA,NA,NA,NA,NA
2026-08-17T22:45:39+02:00,yoann-Precision-5490,Intel(R) Core(TM) Ultra 7 165H,sklib-0.15.0,ecoli,63,31,8,inter,compact,0.9,0.8984,4325949,0.055,7,8837688,258004,0.05964,16.3436,NA,NA,NA,NA,NA
2026-08-17T22:45:39+02:00,yoann-Precision-5490,Intel(R) Core(TM) Ultra 7 165H,sklib-0.15.0,ecoli,63,31,8,union,size,0.9,0.8984,4814967,0.012,6,NA,NA,NA,NA,NA,NA,NA,NA,NA
2026-08-17T22:45:40+02:00,yoann-Precision-5490,Intel(R) Core(TM) Ultra 7 165H,sklib-0.15.0,ecoli,63,31,8,union,nocompact,0.9,0.8984,4814967,0.148,8,163774430,4814967,1.00000,272.1089,NA,NA,NA,NA,NA
2026-08-17T22:45:40+02:00,yoann-Precision-5490,Intel(R) Core(TM) Ultra 7 165H,sklib-0.15.0,ecoli,63,31,8,union,compact,0.9,0.8984,4814967,0.059,7,9811346,286641,0.05953,16.3014,NA,NA,NA,NA,NA
2026-08-17T22:45:40+02:00,yoann-Precision-5490,Intel(R) Core(TM) Ultra 7 165H,sklib-0.15.0,ecoli,63,31,8,diffab,size,0.9,0.8984,241721,0.012,6,NA,NA,NA,NA,NA,NA,NA,NA,NA
2026-08-17T22:45:40+02:00,yoann-Precision-5490,Intel(R) Core(TM) Ultra 7 165H,sklib-0.15.0,ecoli,63,31,8,diffab,nocompact,0.9,0.8984,241721,0.026,6,8284066,241721,1.00000,274.1695,NA,NA,NA,NA,NA
2026-08-17T22:45:40+02:00,yoann-Precision-5490,Intel(R) Core(TM) Ultra 7 165H,sklib-0.15.0,ecoli,63,31,8,diffab,compact,0.9,0.8984,241721,0.014,6,667522,17705,0.07325,22.0923,NA,NA,NA,NA,NA
2026-08-17T22:45:40+02:00,yoann-Precision-5490,Intel(R) Core(TM) Ultra 7 165H,sklib-0.15.0,ecoli,63,31,8,diffba,size,0.9,0.8984,247297,0.012,6,NA,NA,NA,NA,NA,NA,NA,NA,NA
2026-08-17T22:45:40+02:00,yoann-Precision-5490,Intel(R) Core(TM) Ultra 7 165H,sklib-0.15.0,ecoli,63,31,8,diffba,nocompact,0.9,0.8984,247297,0.027,6,8473650,247297,1.00000,274.1206,NA,NA,NA,NA,NA
2026-08-17T22:45:40+02:00,yoann-Precision-5490,Intel(R) Core(TM) Ultra 7 165H,sklib-0.15.0,ecoli,63,31,8,diffba,compact,0.9,0.8984,247297,0.017,6,680748,18094,0.07317,22.0220,NA,NA,NA,NA,NA
2026-08-17T22:45:41+02:00,yoann-Precision-5490,Intel(R) Core(TM) Ultra 7 165H,sklib-0.15.0,ecoli,63,31,1,inter,size,1.0,1.0000,4567670,0.015,5,NA,NA,NA,NA,NA,NA,NA,NA,NA
2026-08-17T22:45:42+02:00,yoann-Precision-5490,Intel(R) Core(TM) Ultra 7 165H,sklib-0.15.0,ecoli,63,31,1,inter,nocompact,1.0,1.0000,4567670,0.339,6,155366332,4567670,1.00000,272.1148,0.00846165,0.0576371,0.182552,0.0564144,0.305065
2026-08-17T22:45:43+02:00,yoann-Precision-5490,Intel(R) Core(TM) Ultra 7 165H,sklib-0.15.0,ecoli,63,31,1,inter,compact,1.0,1.0000,4567670,0.200,6,9202678,268739,0.05884,16.1179,0.00876936,0.0367495,0.139479,0.00520029,0.190151
2026-08-17T22:45:43+02:00,yoann-Precision-5490,Intel(R) Core(TM) Ultra 7 165H,sklib-0.15.0,ecoli,63,31,1,union,size,1.0,1.0000,4567670,0.017,5,NA,NA,NA,NA,NA,NA,NA,NA,NA
2026-08-17T22:45:44+02:00,yoann-Precision-5490,Intel(R) Core(TM) Ultra 7 165H,sklib-0.15.0,ecoli,63,31,1,union,nocompact,1.0,1.0000,4567670,0.354,6,155366332,4567670,1.00000,272.1148,0.00858696,0.0590138,0.191935,0.0570786,0.317121
2026-08-17T22:45:45+02:00,yoann-Precision-5490,Intel(R) Core(TM) Ultra 7 165H,sklib-0.15.0,ecoli,63,31,1,union,compact,1.0,1.0000,4567670,0.189,6,9202678,268739,0.05884,16.1179,0.00838273,0.0347871,0.133256,0.00490751,0.180813
2026-08-17T22:45:45+02:00,yoann-Precision-5490,Intel(R) Core(TM) Ultra 7 165H,sklib-0.15.0,ecoli,63,31,1,diffab,size,1.0,1.0000,0,0.017,5,NA,NA,NA,NA,NA,NA,NA,NA,NA
2026-08-17T22:45:45+02:00,yoann-Precision-5490,Intel(R) Core(TM) Ultra 7 165H,sklib-0.15.0,ecoli,63,31,1,diffab,nocompact,1.0,1.0000,0,0.019,6,65552,0,NA,NA,0.00861906,0.00373752,9.1326e-05,0.000228242,0.0126772
2026-08-17T22:45:45+02:00,yoann-Precision-5490,Intel(R) Core(TM) Ultra 7 165H,sklib-0.15.0,ecoli,63,31,1,diffab,compact,1.0,1.0000,0,0.020,6,65552,0,NA,NA,0.00893905,0.00396046,7.9132e-05,0.000233222,0.0132119
2026-08-17T22:45:45+02:00,yoann-Precision-5490,Intel(R) Core(TM) Ultra 7 165H,sklib-0.15.0,ecoli,63,31,1,diffba,size,1.0,1.0000,0,0.019,5,NA,NA,NA,NA,NA,NA,NA,NA,NA
2026-08-17T22:45:45+02:00,yoann-Precision-5490,Intel(R) Core(TM) Ultra 7 165H,sklib-0.15.0,ecoli,63,31,1,diffba,nocompact,1.0,1.0000,0,0.020,6,65552,0,NA,NA,0.00882058,0.00403281,8.6755e-05,0.000226438,0.0131666
2026-08-17T22:45:45+02:00,yoann-Precision-5490,Intel(R) Core(TM) Ultra 7 165H,sklib-0.15.0,ecoli,63,31,1,diffba,compact,1.0,1.0000,0,0.019,6,65552,0,NA,NA,0.00859555,0.00370513,7.4709e-05,0.000214161,0.0125895
2026-08-17T22:45:46+02:00,yoann-Precision-5490,Intel(R) Core(TM) Ultra 7 165H,sklib-0.15.0,ecoli,63,31,8,inter,size,1.0,1.0000,4567670,0.012,6,NA,NA,NA,NA,NA,NA,NA,NA,NA
2026-08-17T22:45:46+02:00,yoann-Precision-5490,Intel(R) Core(TM) Ultra 7 165H,sklib-0.15.0,ecoli,63,31,8,inter,nocompact,1.0,1.0000,4567670,0.148,8,155366332,4567670,1.00000,272.1148,NA,NA,NA,NA,NA
2026-08-17T22:45:46+02:00,yoann-Precision-5490,Intel(R) Core(TM) Ultra 7 165H,sklib-0.15.0,ecoli,63,31,8,inter,compact,1.0,1.0000,4567670,0.055,7,9202678,268739,0.05884,16.1179,NA,NA,NA,NA,NA
2026-08-17T22:45:46+02:00,yoann-Precision-5490,Intel(R) Core(TM) Ultra 7 165H,sklib-0.15.0,ecoli,63,31,8,union,size,1.0,1.0000,4567670,0.012,6,NA,NA,NA,NA,NA,NA,NA,NA,NA
2026-08-17T22:45:47+02:00,yoann-Precision-5490,Intel(R) Core(TM) Ultra 7 165H,sklib-0.15.0,ecoli,63,31,8,union,nocompact,1.0,1.0000,4567670,0.147,8,155366332,4567670,1.00000,272.1148,NA,NA,NA,NA,NA
2026-08-17T22:45:47+02:00,yoann-Precision-5490,Intel(R) Core(TM) Ultra 7 165H,sklib-0.15.0,ecoli,63,31,8,union,compact,1.0,1.0000,4567670,0.054,7,9202678,268739,0.05884,16.1179,NA,NA,NA,NA,NA
2026-08-17T22:45:47+02:00,yoann-Precision-5490,Intel(R) Core(TM) Ultra 7 165H,sklib-0.15.0,ecoli,63,31,8,diffab,size,1.0,1.0000,0,0.011,6,NA,NA,NA,NA,NA,NA,NA,NA,NA
2026-08-17T22:45:47+02:00,yoann-Precision-5490,Intel(R) Core(TM) Ultra 7 165H,sklib-0.15.0,ecoli,63,31,8,diffab,nocompact,1.0,1.0000,0,0.012,6,65552,0,NA,NA,NA,NA,NA,NA,NA
2026-08-17T22:45:47+02:00,yoann-Precision-5490,Intel(R) Core(TM) Ultra 7 165H,sklib-0.15.0,ecoli,63,31,8,diffab,compact,1.0,1.0000,0,0.012,6,65552,0,NA,NA,NA,NA,NA,NA,NA
2026-08-17T22:45:47+02:00,yoann-Precision-5490,Intel(R) Core(TM) Ultra 7 165H,sklib-0.15.0,ecoli,63,31,8,diffba,size,1.0,1.0000,0,0.011,6,NA,NA,NA,NA,NA,NA,NA,NA,NA
2026-08-17T22:45:47+02:00,yoann-Precision-5490,Intel(R) Core(TM) Ultra 7 165H,sklib-0.15.0,ecoli,63,31,8,diffba,nocompact,1.0,1.0000,0,0.012,6,65552,0,NA,NA,NA,NA,NA,NA,NA
2026-08-17T22:45:48+02:00,yoann-Precision-5490,Intel(R) Core(TM) Ultra 7 165H,sklib-0.15.0,ecoli,63,31,8,diffba,compact,1.0,1.0000,0,0.011,6,65552,0,NA,NA,NA,NA,NA,NA,NA
2026-08-17T22:45:49+02:00,yoann-Precision-5490,Intel(R) Core(TM) Ultra 7 165H,sklib-0.15.0,yeast,31,15,1,inter,size,0,0.0000,0,0.161,5,NA,NA,NA,NA,NA,NA,NA,NA,NA
2026-08-17T22:45:49+02:00,yoann-Precision-5490,Intel(R) Core(TM) Ultra 7 165H,sklib-0.15.0,yeast,31,15,1,inter,nocompact,0,0.0000,0,0.184,6,65552,0,NA,NA,0.0107225,0.164802,6.6104e-05,0.000208546,0.175796
2026-08-17T22:45:50+02:00,yoann-Precision-5490,Intel(R) Core(TM) Ultra 7 165H,sklib-0.15.0,yeast,31,15,1,inter,compact,0,0.0000,0,0.186,6,65552,0,NA,NA,0.0110408,0.166816,6.3693e-05,0.000202005,0.178122
2026-08-17T22:45:51+02:00,yoann-Precision-5490,Intel(R) Core(TM) Ultra 7 165H,sklib-0.15.0,yeast,31,15,1,union,size,0,0.0000,23720691,0.161,5,NA,NA,NA,NA,NA,NA,NA,NA,NA
2026-08-17T22:45:55+02:00,yoann-Precision-5490,Intel(R) Core(TM) Ultra 7 165H,sklib-0.15.0,yeast,31,15,1,union,nocompact,0,0.0000,23720691,1.317,6,427037990,23720691,1.00000,144.0221,0.0146091,0.363489,0.729211,0.16113,1.27091
2026-08-17T22:45:58+02:00,yoann-Precision-5490,Intel(R) Core(TM) Ultra 7 165H,sklib-0.15.0,yeast,31,15,1,union,compact,0,0.0000,23720691,0.904,6,47861906,2655353,0.11194,16.1418,0.0126118,0.212541,0.640905,0.022336,0.88829
2026-08-17T22:45:58+02:00,yoann-Precision-5490,Intel(R) Core(TM) Ultra 7 165H,sklib-0.15.0,yeast,31,15,1,diffab,size,0,0.0000,11564096,0.159,5,NA,NA,NA,NA,NA,NA,NA,NA,NA
2026-08-17T22:46:00+02:00,yoann-Precision-5490,Intel(R) Core(TM) Ultra 7 165H,sklib-0.15.0,yeast,31,15,1,diffab,nocompact,0,0.0000,11564096,0.667,6,208219280,11564096,1.00000,144.0453,0.0126128,0.206756,0.34031,0.0774659,0.635426
2026-08-17T22:46:02+02:00,yoann-Precision-5490,Intel(R) Core(TM) Ultra 7 165H,sklib-0.15.0,yeast,31,15,1,diffab,compact,0,0.0000,11564096,0.522,6,23431892,1298130,0.11226,16.2101,0.0131813,0.181477,0.300273,0.0120337,0.506713
2026-08-17T22:46:02+02:00,yoann-Precision-5490,Intel(R) Core(TM) Ultra 7 165H,sklib-0.15.0,yeast,31,15,1,diffba,size,0,0.0000,12156595,0.162,5,NA,NA,NA,NA,NA,NA,NA,NA,NA
2026-08-17T22:46:05+02:00,yoann-Precision-5490,Intel(R) Core(TM) Ultra 7 165H,sklib-0.15.0,yeast,31,15,1,diffba,nocompact,0,0.0000,12156595,0.725,6,218884262,12156595,1.00000,144.0431,0.0132645,0.214403,0.344297,0.0870533,0.659018
2026-08-17T22:46:06+02:00,yoann-Precision-5490,Intel(R) Core(TM) Ultra 7 165H,sklib-0.15.0,yeast,31,15,1,diffba,compact,0,0.0000,12156595,0.528,6,24442844,1354294,0.11140,16.0853,0.0120344,0.179888,0.31366,0.0118034,0.515024
2026-08-17T22:46:07+02:00,yoann-Precision-5490,Intel(R) Core(TM) Ultra 7 165H,sklib-0.15.0,yeast,31,15,8,inter,size,0,0.0000,0,0.033,6,NA,NA,NA,NA,NA,NA,NA,NA,NA
2026-08-17T22:46:07+02:00,yoann-Precision-5490,Intel(R) Core(TM) Ultra 7 165H,sklib-0.15.0,yeast,31,15,8,inter,nocompact,0,0.0000,0,0.034,6,65552,0,NA,NA,NA,NA,NA,NA,NA
2026-08-17T22:46:07+02:00,yoann-Precision-5490,Intel(R) Core(TM) Ultra 7 165H,sklib-0.15.0,yeast,31,15,8,inter,compact,0,0.0000,0,0.034,6,65552,0,NA,NA,NA,NA,NA,NA,NA
2026-08-17T22:46:07+02:00,yoann-Precision-5490,Intel(R) Core(TM) Ultra 7 165H,sklib-0.15.0,yeast,31,15,8,union,size,0,0.0000,23720691,0.036,6,NA,NA,NA,NA,NA,NA,NA,NA,NA
2026-08-17T22:46:08+02:00,yoann-Precision-5490,Intel(R) Core(TM) Ultra 7 165H,sklib-0.15.0,yeast,31,15,8,union,nocompact,0,0.0000,23720691,0.356,10,427037990,23720691,1.00000,144.0221,NA,NA,NA,NA,NA
2026-08-17T22:46:09+02:00,yoann-Precision-5490,Intel(R) Core(TM) Ultra 7 165H,sklib-0.15.0,yeast,31,15,8,union,compact,0,0.0000,23720691,0.217,8,47861906,2655353,0.11194,16.1418,NA,NA,NA,NA,NA
2026-08-17T22:46:09+02:00,yoann-Precision-5490,Intel(R) Core(TM) Ultra 7 165H,sklib-0.15.0,yeast,31,15,8,diffab,size,0,0.0000,11564096,0.034,6,NA,NA,NA,NA,NA,NA,NA,NA,NA
2026-08-17T22:46:10+02:00,yoann-Precision-5490,Intel(R) Core(TM) Ultra 7 165H,sklib-0.15.0,yeast,31,15,8,diffab,nocompact,0,0.0000,11564096,0.194,8,208219280,11564096,1.00000,144.0453,NA,NA,NA,NA,NA
2026-08-17T22:46:10+02:00,yoann-Precision-5490,Intel(R) Core(TM) Ultra 7 165H,sklib-0.15.0,yeast,31,15,8,diffab,compact,0,0.0000,11564096,0.131,7,23431892,1298130,0.11226,16.2101,NA,NA,NA,NA,NA
2026-08-17T22:46:10+02:00,yoann-Precision-5490,Intel(R) Core(TM) Ultra 7 165H,sklib-0.15.0,yeast,31,15,8,diffba,size,0,0.0000,12156595,0.034,6,NA,NA,NA,NA,NA,NA,NA,NA,NA
2026-08-17T22:46:11+02:00,yoann-Precision-5490,Intel(R) Core(TM) Ultra 7 165H,sklib-0.15.0,yeast,31,15,8,diffba,nocompact,0,0.0000,12156595,0.220,9,218884262,12156595,1.00000,144.0431,NA,NA,NA,NA,NA
2026-08-17T22:46:11+02:00,yoann-Precision-5490,Intel(R) Core(TM) Ultra 7 165H,sklib-0.15.0,yeast,31,15,8,diffba,compact,0,0.0000,12156595,0.150,7,24442844,1354294,0.11140,16.0853,NA,NA,NA,NA,NA
2026-08-17T22:46:12+02:00,yoann-Precision-5490,Intel(R) Core(TM) Ultra 7 165H,sklib-0.15.0,yeast,31,15,1,inter,size,0.1,0.1003,2155791,0.176,5,NA,NA,NA,NA,NA,NA,NA,NA,NA
2026-08-17T22:46:13+02:00,yoann-Precision-5490,Intel(R) Core(TM) Ultra 7 165H,sklib-0.15.0,yeast,31,15,1,inter,nocompact,0.1,0.1003,2155791,0.288,6,38869790,2155791,1.00000,144.2433,0.0110934,0.181837,0.0630811,0.0161845,0.272196
2026-08-17T22:46:14+02:00,yoann-Precision-5490,Intel(R) Core(TM) Ultra 7 165H,sklib-0.15.0,yeast,31,15,1,inter,compact,0.1,0.1003,2155791,0.278,6,6224720,342176,0.15872,23.0995,0.0109694,0.176706,0.0795837,0.00431211,0.271572
2026-08-17T22:46:15+02:00,yoann-Precision-5490,Intel(R) Core(TM) Ultra 7 165H,sklib-0.15.0,yeast,31,15,1,union,size,0.1,0.1003,21500335,0.171,5,NA,NA,NA,NA,NA,NA,NA,NA,NA
2026-08-17T22:46:19+02:00,yoann-Precision-5490,Intel(R) Core(TM) Ultra 7 165H,sklib-0.15.0,yeast,31,15,1,union,nocompact,0.1,0.1003,21500335,1.221,6,387071582,21500335,1.00000,144.0244,0.0132203,0.352674,0.671174,0.138334,1.17848
2026-08-17T22:46:21+02:00,yoann-Precision-5490,Intel(R) Core(TM) Ultra 7 165H,sklib-0.15.0,yeast,31,15,1,union,compact,0.1,0.1003,21500335,0.853,6,45586328,2528932,0.11762,16.9621,0.0119706,0.197146,0.602647,0.0197985,0.831351
2026-08-17T22:46:22+02:00,yoann-Precision-5490,Intel(R) Core(TM) Ultra 7 165H,sklib-0.15.0,yeast,31,15,1,diffab,size,0.1,0.1003,9408305,0.158,5,NA,NA,NA,NA,NA,NA,NA,NA,NA
2026-08-17T22:46:24+02:00,yoann-Precision-5490,Intel(R) Core(TM) Ultra 7 165H,sklib-0.15.0,yeast,31,15,1,diffab,nocompact,0.1,0.1003,9408305,0.586,6,169415042,9408305,1.00000,144.0557,0.0121004,0.200861,0.278809,0.062423,0.554306
2026-08-17T22:46:25+02:00,yoann-Precision-5490,Intel(R) Core(TM) Ultra 7 165H,sklib-0.15.0,yeast,31,15,1,diffab,compact,0.1,0.1003,9408305,0.460,6,20862356,1155378,0.12280,17.7395,0.011936,0.172338,0.251736,0.0104645,0.446955
2026-08-17T22:46:26+02:00,yoann-Precision-5490,Intel(R) Core(TM) Ultra 7 165H,sklib-0.15.0,yeast,31,15,1,diffba,size,0.1,0.1003,9936239,0.165,5,NA,NA,NA,NA,NA,NA,NA,NA,NA
2026-08-17T22:46:28+02:00,yoann-Precision-5490,Intel(R) Core(TM) Ultra 7 165H,sklib-0.15.0,yeast,31,15,1,diffba,nocompact,0.1,0.1003,9936239,0.621,6,178917854,9936239,1.00000,144.0528,0.0122892,0.206985,0.286283,0.070928,0.576522
2026-08-17T22:46:29+02:00,yoann-Precision-5490,Intel(R) Core(TM) Ultra 7 165H,sklib-0.15.0,yeast,31,15,1,diffba,compact,0.1,0.1003,9936239,0.487,6,21927236,1214538,0.12223,17.6544,0.0123281,0.181597,0.273197,0.0107187,0.478533
2026-08-17T22:46:30+02:00,yoann-Precision-5490,Intel(R) Core(TM) Ultra 7 165H,sklib-0.15.0,yeast,31,15,8,inter,size,0.1,0.1003,2155791,0.033,6,NA,NA,NA,NA,NA,NA,NA,NA,NA
2026-08-17T22:46:30+02:00,yoann-Precision-5490,Intel(R) Core(TM) Ultra 7 165H,sklib-0.15.0,yeast,31,15,8,inter,nocompact,0.1,0.1003,2155791,0.068,6,38869790,2155791,1.00000,144.2433,NA,NA,NA,NA,NA
2026-08-17T22:46:30+02:00,yoann-Precision-5490,Intel(R) Core(TM) Ultra 7 165H,sklib-0.15.0,yeast,31,15,8,inter,compact,0.1,0.1003,2155791,0.056,6,6224720,342176,0.15872,23.0995,NA,NA,NA,NA,NA
2026-08-17T22:46:30+02:00,yoann-Precision-5490,Intel(R) Core(TM) Ultra 7 165H,sklib-0.15.0,yeast,31,15,8,union,size,0.1,0.1003,21500335,0.033,6,NA,NA,NA,NA,NA,NA,NA,NA,NA
2026-08-17T22:46:31+02:00,yoann-Precision-5490,Intel(R) Core(TM) Ultra 7 165H,sklib-0.15.0,yeast,31,15,8,union,nocompact,0.1,0.1003,21500335,0.325,10,387071582,21500335,1.00000,144.0244,NA,NA,NA,NA,NA
2026-08-17T22:46:32+02:00,yoann-Precision-5490,Intel(R) Core(TM) Ultra 7 165H,sklib-0.15.0,yeast,31,15,8,union,compact,0.1,0.1003,21500335,0.210,8,45586328,2528932,0.11762,16.9621,NA,NA,NA,NA,NA
2026-08-17T22:46:32+02:00,yoann-Precision-5490,Intel(R) Core(TM) Ultra 7 165H,sklib-0.15.0,yeast,31,15,8,diffab,size,0.1,0.1003,9408305,0.033,6,NA,NA,NA,NA,NA,NA,NA,NA,NA
2026-08-17T22:46:33+02:00,yoann-Precision-5490,Intel(R) Core(TM) Ultra 7 165H,sklib-0.15.0,yeast,31,15,8,diffab,nocompact,0.1,0.1003,9408305,0.183,9,169415042,9408305,1.00000,144.0557,NA,NA,NA,NA,NA
2026-08-17T22:46:33+02:00,yoann-Precision-5490,Intel(R) Core(TM) Ultra 7 165H,sklib-0.15.0,yeast,31,15,8,diffab,compact,0.1,0.1003,9408305,0.118,7,20862356,1155378,0.12280,17.7395,NA,NA,NA,NA,NA
2026-08-17T22:46:33+02:00,yoann-Precision-5490,Intel(R) Core(TM) Ultra 7 165H,sklib-0.15.0,yeast,31,15,8,diffba,size,0.1,0.1003,9936239,0.033,6,NA,NA,NA,NA,NA,NA,NA,NA,NA
2026-08-17T22:46:34+02:00,yoann-Precision-5490,Intel(R) Core(TM) Ultra 7 165H,sklib-0.15.0,yeast,31,15,8,diffba,nocompact,0.1,0.1003,9936239,0.177,9,178917854,9936239,1.00000,144.0528,NA,NA,NA,NA,NA
2026-08-17T22:46:34+02:00,yoann-Precision-5490,Intel(R) Core(TM) Ultra 7 165H,sklib-0.15.0,yeast,31,15,8,diffba,compact,0.1,0.1003,9936239,0.120,7,21927236,1214538,0.12223,17.6544,NA,NA,NA,NA,NA
2026-08-17T22:46:35+02:00,yoann-Precision-5490,Intel(R) Core(TM) Ultra 7 165H,sklib-0.15.0,yeast,31,15,1,inter,size,0.3,0.2985,5401999,0.141,5,NA,NA,NA,NA,NA,NA,NA,NA,NA
2026-08-17T22:46:36+02:00,yoann-Precision-5490,Intel(R) Core(TM) Ultra 7 165H,sklib-0.15.0,yeast,31,15,1,inter,nocompact,0.3,0.2985,5401999,0.405,6,97301534,5401999,1.00000,144.0971,0.0116121,0.177156,0.160478,0.0343813,0.383669
2026-08-17T22:46:38+02:00,yoann-Precision-5490,Intel(R) Core(TM) Ultra 7 165H,sklib-0.15.0,yeast,31,15,1,inter,compact,0.3,0.2985,5401999,0.358,6,13035110,720531,0.13338,19.3041,0.0112737,0.16824,0.161816,0.00687602,0.347917
2026-08-17T22:46:38+02:00,yoann-Precision-5490,Intel(R) Core(TM) Ultra 7 165H,sklib-0.15.0,yeast,31,15,1,union,size,0.3,0.2985,18096661,0.140,6,NA,NA,NA,NA,NA,NA,NA,NA,NA
2026-08-17T22:46:41+02:00,yoann-Precision-5490,Intel(R) Core(TM) Ultra 7 165H,sklib-0.15.0,yeast,31,15,1,union,nocompact,0.3,0.2985,18096661,1.072,6,325805450,18096661,1.00000,144.0290,0.013559,0.305215,0.55102,0.121157,0.990608
2026-08-17T22:46:44+02:00,yoann-Precision-5490,Intel(R) Core(TM) Ultra 7 165H,sklib-0.15.0,yeast,31,15,1,union,compact,0.3,0.2985,18096661,0.756,6,38747318,2148987,0.11875,17.1290,0.0119072,0.181133,0.524247,0.0182382,0.735525
2026-08-17T22:46:44+02:00,yoann-Precision-5490,Intel(R) Core(TM) Ultra 7 165H,sklib-0.15.0,yeast,31,15,1,diffab,size,0.3,0.2985,6162097,0.140,5,NA,NA,NA,NA,NA,NA,NA,NA,NA
2026-08-17T22:46:46+02:00,yoann-Precision-5490,Intel(R) Core(TM) Ultra 7 165H,sklib-0.15.0,yeast,31,15,1,diffab,nocompact,0.3,0.2985,6162097,0.420,6,110983298,6162097,1.00000,144.0851,0.0109729,0.156649,0.179678,0.0362805,0.38354
2026-08-17T22:46:47+02:00,yoann-Precision-5490,Intel(R) Core(TM) Ultra 7 165H,sklib-0.15.0,yeast,31,15,1,diffab,compact,0.3,0.2985,6162097,0.355,6,14574794,806069,0.13081,18.9219,0.0121766,0.147136,0.177641,0.00746881,0.343787
2026-08-17T22:46:47+02:00,yoann-Precision-5490,Intel(R) Core(TM) Ultra 7 165H,sklib-0.15.0,yeast,31,15,1,diffba,size,0.3,0.2985,6532565,0.143,5,NA,NA,NA,NA,NA,NA,NA,NA,NA
2026-08-17T22:46:49+02:00,yoann-Precision-5490,Intel(R) Core(TM) Ultra 7 165H,sklib-0.15.0,yeast,31,15,1,diffba,nocompact,0.3,0.2985,6532565,0.424,6,117651722,6532565,1.00000,144.0803,0.0110754,0.151025,0.183654,0.0385549,0.38302
2026-08-17T22:46:50+02:00,yoann-Precision-5490,Intel(R) Core(TM) Ultra 7 165H,sklib-0.15.0,yeast,31,15,1,diffba,compact,0.3,0.2985,6532565,0.371,6,15377270,850651,0.13022,18.8315,0.0117024,0.148035,0.190248,0.00787499,0.357734
2026-08-17T22:46:50+02:00,yoann-Precision-5490,Intel(R) Core(TM) Ultra 7 165H,sklib-0.15.0,yeast,31,15,8,inter,size,0.3,0.2985,5401999,0.029,6,NA,NA,NA,NA,NA,NA,NA,NA,NA
2026-08-17T22:46:50+02:00,yoann-Precision-5490,Intel(R) Core(TM) Ultra 7 165H,sklib-0.15.0,yeast,31,15,8,inter,nocompact,0.3,0.2985,5401999,0.112,8,97301534,5401999,1.00000,144.0971,NA,NA,NA,NA,NA
2026-08-17T22:46:51+02:00,yoann-Precision-5490,Intel(R) Core(TM) Ultra 7 165H,sklib-0.15.0,yeast,31,15,8,inter,compact,0.3,0.2985,5401999,0.079,7,13035110,720531,0.13338,19.3041,NA,NA,NA,NA,NA
2026-08-17T22:46:51+02:00,yoann-Precision-5490,Intel(R) Core(TM) Ultra 7 165H,sklib-0.15.0,yeast,31,15,8,union,size,0.3,0.2985,18096661,0.028,6,NA,NA,NA,NA,NA,NA,NA,NA,NA
2026-08-17T22:46:52+02:00,yoann-Precision-5490,Intel(R) Core(TM) Ultra 7 165H,sklib-0.15.0,yeast,31,15,8,union,nocompact,0.3,0.2985,18096661,0.281,10,325805450,18096661,1.00000,144.0290,NA,NA,NA,NA,NA
2026-08-17T22:46:52+02:00,yoann-Precision-5490,Intel(R) Core(TM) Ultra 7 165H,sklib-0.15.0,yeast,31,15,8,union,compact,0.3,0.2985,18096661,0.183,8,38747318,2148987,0.11875,17.1290,NA,NA,NA,NA,NA
2026-08-17T22:46:53+02:00,yoann-Precision-5490,Intel(R) Core(TM) Ultra 7 165H,sklib-0.15.0,yeast,31,15,8,diffab,size,0.3,0.2985,6162097,0.029,6,NA,NA,NA,NA,NA,NA,NA,NA,NA
2026-08-17T22:46:53+02:00,yoann-Precision-5490,Intel(R) Core(TM) Ultra 7 165H,sklib-0.15.0,yeast,31,15,8,diffab,nocompact,0.3,0.2985,6162097,0.120,8,110983298,6162097,1.00000,144.0851,NA,NA,NA,NA,NA
2026-08-17T22:46:53+02:00,yoann-Precision-5490,Intel(R) Core(TM) Ultra 7 165H,sklib-0.15.0,yeast,31,15,8,diffab,compact,0.3,0.2985,6162097,0.084,7,14574794,806069,0.13081,18.9219,NA,NA,NA,NA,NA
2026-08-17T22:46:53+02:00,yoann-Precision-5490,Intel(R) Core(TM) Ultra 7 165H,sklib-0.15.0,yeast,31,15,8,diffba,size,0.3,0.2985,6532565,0.032,6,NA,NA,NA,NA,NA,NA,NA,NA,NA
2026-08-17T22:46:54+02:00,yoann-Precision-5490,Intel(R) Core(TM) Ultra 7 165H,sklib-0.15.0,yeast,31,15,8,diffba,nocompact,0.3,0.2985,6532565,0.141,8,117651722,6532565,1.00000,144.0803,NA,NA,NA,NA,NA
2026-08-17T22:46:54+02:00,yoann-Precision-5490,Intel(R) Core(TM) Ultra 7 165H,sklib-0.15.0,yeast,31,15,8,diffba,compact,0.3,0.2985,6532565,0.089,7,15377270,850651,0.13022,18.8315,NA,NA,NA,NA,NA
2026-08-17T22:46:55+02:00,yoann-Precision-5490,Intel(R) Core(TM) Ultra 7 165H,sklib-0.15.0,yeast,31,15,1,inter,size,0.5,0.4973,7760757,0.112,5,NA,NA,NA,NA,NA,NA,NA,NA,NA
2026-08-17T22:46:56+02:00,yoann-Precision-5490,Intel(R) Core(TM) Ultra 7 165H,sklib-0.15.0,yeast,31,15,1,inter,nocompact,0.5,0.4973,7760757,0.489,6,139759178,7760757,1.00000,144.0676,0.0114215,0.155977,0.2322,0.0477312,0.447952
2026-08-17T22:46:58+02:00,yoann-Precision-5490,Intel(R) Core(TM) Ultra 7 165H,sklib-0.15.0,yeast,31,15,1,inter,compact,0.5,0.4973,7760757,0.391,6,17307266,957873,0.12343,17.8408,0.0108775,0.139517,0.220232,0.00839934,0.379068
2026-08-17T22:46:58+02:00,yoann-Precision-5490,Intel(R) Core(TM) Ultra 7 165H,sklib-0.15.0,yeast,31,15,1,union,size,0.5,0.4973,15604894,0.110,6,NA,NA,NA,NA,NA,NA,NA,NA,NA
2026-08-17T22:47:01+02:00,yoann-Precision-5490,Intel(R) Core(TM) Ultra 7 165H,sklib-0.15.0,yeast,31,15,1,union,nocompact,0.5,0.4973,15604894,0.849,6,280953644,15604894,1.00000,144.0336,0.0120103,0.189838,0.47409,0.0896636,0.765645
2026-08-17T22:47:03+02:00,yoann-Precision-5490,Intel(R) Core(TM) Ultra 7 165H,sklib-0.15.0,yeast,31,15,1,union,compact,0.5,0.4973,15604894,0.681,6,33146834,1837849,0.11777,16.9930,0.0115968,0.154171,0.473917,0.015517,0.655736
2026-08-17T22:47:03+02:00,yoann-Precision-5490,Intel(R) Core(TM) Ultra 7 165H,sklib-0.15.0,yeast,31,15,1,diffab,size,0.5,0.4973,3803339,0.110,6,NA,NA,NA,NA,NA,NA,NA,NA,NA
2026-08-17T22:47:04+02:00,yoann-Precision-5490,Intel(R) Core(TM) Ultra 7 165H,sklib-0.15.0,yeast,31,15,1,diffab,nocompact,0.5,0.4973,3803339,0.285,6,68525654,3803339,1.00000,144.1379,0.0102164,0.109932,0.106063,0.0237346,0.249946
2026-08-17T22:47:05+02:00,yoann-Precision-5490,Intel(R) Core(TM) Ultra 7 165H,sklib-0.15.0,yeast,31,15,1,diffab,compact,0.5,0.4973,3803339,0.255,6,9301604,513114,0.13491,19.5651,0.0112899,0.109084,0.121474,0.00529648,0.247144
2026-08-17T22:47:06+02:00,yoann-Precision-5490,Intel(R) Core(TM) Ultra 7 165H,sklib-0.15.0,yeast,31,15,1,diffba,size,0.5,0.4973,4040798,0.112,5,NA,NA,NA,NA,NA,NA,NA,NA,NA
2026-08-17T22:47:07+02:00,yoann-Precision-5490,Intel(R) Core(TM) Ultra 7 165H,sklib-0.15.0,yeast,31,15,1,diffba,nocompact,0.5,0.4973,4040798,0.289,6,72799916,4040798,1.00000,144.1298,0.0105618,0.114135,0.114998,0.0244947,0.264078
2026-08-17T22:47:08+02:00,yoann-Precision-5490,Intel(R) Core(TM) Ultra 7 165H,sklib-0.15.0,yeast,31,15,1,diffba,compact,0.5,0.4973,4040798,0.265,6,9850280,543596,0.13453,19.5017,0.0112503,0.110902,0.127885,0.0051885,0.255562
2026-08-17T22:47:08+02:00,yoann-Precision-5490,Intel(R) Core(TM) Ultra 7 165H,sklib-0.15.0,yeast,31,15,8,inter,size,0.5,0.4973,7760757,0.025,6,NA,NA,NA,NA,NA,NA,NA,NA,NA
2026-08-17T22:47:08+02:00,yoann-Precision-5490,Intel(R) Core(TM) Ultra 7 165H,sklib-0.15.0,yeast,31,15,8,inter,nocompact,0.5,0.4973,7760757,0.150,8,139759178,7760757,1.00000,144.0676,NA,NA,NA,NA,NA
2026-08-17T22:47:08+02:00,yoann-Precision-5490,Intel(R) Core(TM) Ultra 7 165H,sklib-0.15.0,yeast,31,15,8,inter,compact,0.5,0.4973,7760757,0.097,7,17307266,957873,0.12343,17.8408,NA,NA,NA,NA,NA
2026-08-17T22:47:09+02:00,yoann-Precision-5490,Intel(R) Core(TM) Ultra 7 165H,sklib-0.15.0,yeast,31,15,8,union,size,0.5,0.4973,15604894,0.023,6,NA,NA,NA,NA,NA,NA,NA,NA,NA
2026-08-17T22:47:09+02:00,yoann-Precision-5490,Intel(R) Core(TM) Ultra 7 165H,sklib-0.15.0,yeast,31,15,8,union,nocompact,0.5,0.4973,15604894,0.238,9,280953644,15604894,1.00000,144.0336,NA,NA,NA,NA,NA
2026-08-17T22:47:10+02:00,yoann-Precision-5490,Intel(R) Core(TM) Ultra 7 165H,sklib-0.15.0,yeast,31,15,8,union,compact,0.5,0.4973,15604894,0.163,8,33146834,1837849,0.11777,16.9930,NA,NA,NA,NA,NA
2026-08-17T22:47:10+02:00,yoann-Precision-5490,Intel(R) Core(TM) Ultra 7 165H,sklib-0.15.0,yeast,31,15,8,diffab,size,0.5,0.4973,3803339,0.025,6,NA,NA,NA,NA,NA,NA,NA,NA,NA
2026-08-17T22:47:10+02:00,yoann-Precision-5490,Intel(R) Core(TM) Ultra 7 165H,sklib-0.15.0,yeast,31,15,8,diffab,nocompact,0.5,0.4973,3803339,0.085,6,68525654,3803339,1.00000,144.1379,NA,NA,NA,NA,NA
2026-08-17T22:47:11+02:00,yoann-Precision-5490,Intel(R) Core(TM) Ultra 7 165H,sklib-0.15.0,yeast,31,15,8,diffab,compact,0.5,0.4973,3803339,0.060,6,9301604,513114,0.13491,19.5651,NA,NA,NA,NA,NA
2026-08-17T22:47:11+02:00,yoann-Precision-5490,Intel(R) Core(TM) Ultra 7 165H,sklib-0.15.0,yeast,31,15,8,diffba,size,0.5,0.4973,4040798,0.025,6,NA,NA,NA,NA,NA,NA,NA,NA,NA
2026-08-17T22:47:11+02:00,yoann-Precision-5490,Intel(R) Core(TM) Ultra 7 165H,sklib-0.15.0,yeast,31,15,8,diffba,nocompact,0.5,0.4973,4040798,0.091,7,72799916,4040798,1.00000,144.1298,NA,NA,NA,NA,NA
2026-08-17T22:47:11+02:00,yoann-Precision-5490,Intel(R) Core(TM) Ultra 7 165H,sklib-0.15.0,yeast,31,15,8,diffba,compact,0.5,0.4973,4040798,0.061,6,9850280,543596,0.13453,19.5017,NA,NA,NA,NA,NA
2026-08-17T22:47:12+02:00,yoann-Precision-5490,Intel(R) Core(TM) Ultra 7 165H,sklib-0.15.0,yeast,31,15,1,inter,size,0.7,0.6975,9556838,0.073,5,NA,NA,NA,NA,NA,NA,NA,NA,NA
2026-08-17T22:47:14+02:00,yoann-Precision-5490,Intel(R) Core(TM) Ultra 7 165H,sklib-0.15.0,yeast,31,15,1,inter,nocompact,0.7,0.6975,9556838,0.528,6,172088636,9556838,1.00000,144.0549,0.0118583,0.136276,0.285202,0.0647823,0.498118
2026-08-17T22:47:15+02:00,yoann-Precision-5490,Intel(R) Core(TM) Ultra 7 165H,sklib-0.15.0,yeast,31,15,1,inter,compact,0.7,0.6975,9556838,0.400,6,20294546,1123833,0.11759,16.9885,0.0112826,0.111567,0.25115,0.010596,0.383918
2026-08-17T22:47:15+02:00,yoann-Precision-5490,Intel(R) Core(TM) Ultra 7 165H,sklib-0.15.0,yeast,31,15,1,union,size,0.7,0.6975,13701958,0.074,5,NA,NA,NA,NA,NA,NA,NA,NA,NA
2026-08-17T22:47:17+02:00,yoann-Precision-5490,Intel(R) Core(TM) Ultra 7 165H,sklib-0.15.0,yeast,31,15,1,union,nocompact,0.7,0.6975,13701958,0.677,6,246700796,13701958,1.00000,144.0383,0.0118319,0.13298,0.393199,0.0767536,0.614764
2026-08-17T22:47:19+02:00,yoann-Precision-5490,Intel(R) Core(TM) Ultra 7 165H,sklib-0.15.0,yeast,31,15,1,union,compact,0.7,0.6975,13701958,0.539,6,28632866,1587073,0.11583,16.7175,0.0121153,0.115043,0.384645,0.013902,0.524726
2026-08-17T22:47:19+02:00,yoann-Precision-5490,Intel(R) Core(TM) Ultra 7 165H,sklib-0.15.0,yeast,31,15,1,diffab,size,0.7,0.6975,2007258,0.071,5,NA,NA,NA,NA,NA,NA,NA,NA,NA
2026-08-17T22:47:20+02:00,yoann-Precision-5490,Intel(R) Core(TM) Ultra 7 165H,sklib-0.15.0,yeast,31,15,1,diffab,nocompact,0.7,0.6975,2007258,0.156,6,36196196,2007258,1.00000,144.2613,0.0098679,0.0651323,0.0522897,0.0136053,0.140452
2026-08-17T22:47:21+02:00,yoann-Precision-5490,Intel(R) Core(TM) Ultra 7 165H,sklib-0.15.0,yeast,31,15,1,diffab,compact,0.7,0.6975,2007258,0.149,6,5034560,276056,0.13753,20.0654,0.0103578,0.0615297,0.0644325,0.00313076,0.139451
2026-08-17T22:47:21+02:00,yoann-Precision-5490,Intel(R) Core(TM) Ultra 7 165H,sklib-0.15.0,yeast,31,15,1,diffba,size,0.7,0.6975,2137862,0.071,6,NA,NA,NA,NA,NA,NA,NA,NA,NA
2026-08-17T22:47:21+02:00,yoann-Precision-5490,Intel(R) Core(TM) Ultra 7 165H,sklib-0.15.0,yeast,31,15,1,diffba,nocompact,0.7,0.6975,2137862,0.169,6,38547068,2137862,1.00000,144.2453,0.0101032,0.0673549,0.0582487,0.0145706,0.150277
2026-08-17T22:47:22+02:00,yoann-Precision-5490,Intel(R) Core(TM) Ultra 7 165H,sklib-0.15.0,yeast,31,15,1,diffba,compact,0.7,0.6975,2137862,0.151,6,5332514,292609,0.13687,19.9546,0.0104149,0.0618285,0.0673645,0.00317445,0.142585
2026-08-17T22:47:22+02:00,yoann-Precision-5490,Intel(R) Core(TM) Ultra 7 165H,sklib-0.15.0,yeast,31,15,8,inter,size,0.7,0.6975,9556838,0.019,6,NA,NA,NA,NA,NA,NA,NA,NA,NA
2026-08-17T22:47:23+02:00,yoann-Precision-5490,Intel(R) Core(TM) Ultra 7 165H,sklib-0.15.0,yeast,31,15,8,inter,nocompact,0.7,0.6975,9556838,0.160,8,172088636,9556838,1.00000,144.0549,NA,NA,NA,NA,NA
2026-08-17T22:47:23+02:00,yoann-Precision-5490,Intel(R) Core(TM) Ultra 7 165H,sklib-0.15.0,yeast,31,15,8,inter,compact,0.7,0.6975,9556838,0.102,7,20294546,1123833,0.11759,16.9885,NA,NA,NA,NA,NA
2026-08-17T22:47:23+02:00,yoann-Precision-5490,Intel(R) Core(TM) Ultra 7 165H,sklib-0.15.0,yeast,31,15,8,union,size,0.7,0.6975,13701958,0.019,6,NA,NA,NA,NA,NA,NA,NA,NA,NA
2026-08-17T22:47:24+02:00,yoann-Precision-5490,Intel(R) Core(TM) Ultra 7 165H,sklib-0.15.0,yeast,31,15,8,union,nocompact,0.7,0.6975,13701958,0.217,9,246700796,13701958,1.00000,144.0383,NA,NA,NA,NA,NA
2026-08-17T22:47:24+02:00,yoann-Precision-5490,Intel(R) Core(TM) Ultra 7 165H,sklib-0.15.0,yeast,31,15,8,union,compact,0.7,0.6975,13701958,0.141,8,28632866,1587073,0.11583,16.7175,NA,NA,NA,NA,NA
2026-08-17T22:47:24+02:00,yoann-Precision-5490,Intel(R) Core(TM) Ultra 7 165H,sklib-0.15.0,yeast,31,15,8,diffab,size,0.7,0.6975,2007258,0.020,6,NA,NA,NA,NA,NA,NA,NA,NA,NA
2026-08-17T22:47:25+02:00,yoann-Precision-5490,Intel(R) Core(TM) Ultra 7 165H,sklib-0.15.0,yeast,31,15,8,diffab,nocompact,0.7,0.6975,2007258,0.058,6,36196196,2007258,1.00000,144.2613,NA,NA,NA,NA,NA
2026-08-17T22:47:25+02:00,yoann-Precision-5490,Intel(R) Core(TM) Ultra 7 165H,sklib-0.15.0,yeast,31,15,8,diffab,compact,0.7,0.6975,2007258,0.039,6,5034560,276056,0.13753,20.0654,NA,NA,NA,NA,NA
2026-08-17T22:47:25+02:00,yoann-Precision-5490,Intel(R) Core(TM) Ultra 7 165H,sklib-0.15.0,yeast,31,15,8,diffba,size,0.7,0.6975,2137862,0.020,6,NA,NA,NA,NA,NA,NA,NA,NA,NA
2026-08-17T22:47:25+02:00,yoann-Precision-5490,Intel(R) Core(TM) Ultra 7 165H,sklib-0.15.0,yeast,31,15,8,diffba,nocompact,0.7,0.6975,2137862,0.059,6,38547068,2137862,1.00000,144.2453,NA,NA,NA,NA,NA
2026-08-17T22:47:25+02:00,yoann-Precision-5490,Intel(R) Core(TM) Ultra 7 165H,sklib-0.15.0,yeast,31,15,8,diffba,compact,0.7,0.6975,2137862,0.038,6,5332514,292609,0.13687,19.9546,NA,NA,NA,NA,NA
2026-08-17T22:47:26+02:00,yoann-Precision-5490,Intel(R) Core(TM) Ultra 7 165H,sklib-0.15.0,yeast,31,15,1,inter,size,0.9,0.8983,10963553,0.047,5,NA,NA,NA,NA,NA,NA,NA,NA,NA
2026-08-17T22:47:28+02:00,yoann-Precision-5490,Intel(R) Core(TM) Ultra 7 165H,sklib-0.15.0,yeast,31,15,1,inter,nocompact,0.9,0.8983,10963553,0.571,6,197409506,10963553,1.00000,144.0478,0.0117216,0.109621,0.327166,0.0717202,0.520229
2026-08-17T22:47:29+02:00,yoann-Precision-5490,Intel(R) Core(TM) Ultra 7 165H,sklib-0.15.0,yeast,31,15,1,inter,compact,0.9,0.8983,10963553,0.405,6,22515134,1247199,0.11376,16.4291,0.0115551,0.082284,0.284781,0.011379,0.38994
2026-08-17T22:47:29+02:00,yoann-Precision-5490,Intel(R) Core(TM) Ultra 7 165H,sklib-0.15.0,yeast,31,15,1,union,size,0.9,0.8983,12204854,0.040,5,NA,NA,NA,NA,NA,NA,NA,NA,NA
2026-08-17T22:47:31+02:00,yoann-Precision-5490,Intel(R) Core(TM) Ultra 7 165H,sklib-0.15.0,yeast,31,15,1,union,nocompact,0.9,0.8983,12204854,0.607,6,219752924,12204854,1.00000,144.0430,0.0114334,0.105364,0.350586,0.0736627,0.541046
2026-08-17T22:47:33+02:00,yoann-Precision-5490,Intel(R) Core(TM) Ultra 7 165H,sklib-0.15.0,yeast,31,15,1,union,compact,0.9,0.8983,12204854,0.440,6,25008188,1385702,0.11354,16.3923,0.0118462,0.0827673,0.322561,0.0119984,0.429173
2026-08-17T22:47:33+02:00,yoann-Precision-5490,Intel(R) Core(TM) Ultra 7 165H,sklib-0.15.0,yeast,31,15,1,diffab,size,0.9,0.8983,600543,0.041,5,NA,NA,NA,NA,NA,NA,NA,NA,NA
2026-08-17T22:47:33+02:00,yoann-Precision-5490,Intel(R) Core(TM) Ultra 7 165H,sklib-0.15.0,yeast,31,15,1,diffab,nocompact,0.9,0.8983,600543,0.065,6,10875326,600543,1.00000,144.8732,0.0099447,0.0284954,0.0152162,0.00500961,0.0586659
2026-08-17T22:47:33+02:00,yoann-Precision-5490,Intel(R) Core(TM) Ultra 7 165H,sklib-0.15.0,yeast,31,15,1,diffab,compact,0.9,0.8983,600543,0.068,6,1570946,83633,0.13926,20.9270,0.0103332,0.0261635,0.0225138,0.00121026,0.0602207
2026-08-17T22:47:34+02:00,yoann-Precision-5490,Intel(R) Core(TM) Ultra 7 165H,sklib-0.15.0,yeast,31,15,1,diffba,size,0.9,0.8983,640758,0.040,5,NA,NA,NA,NA,NA,NA,NA,NA,NA
2026-08-17T22:47:34+02:00,yoann-Precision-5490,Intel(R) Core(TM) Ultra 7 165H,sklib-0.15.0,yeast,31,15,1,diffba,nocompact,0.9,0.8983,640758,0.068,6,11599196,640758,1.00000,144.8184,0.00982339,0.0279527,0.0158681,0.00515356,0.0587978
2026-08-17T22:47:34+02:00,yoann-Precision-5490,Intel(R) Core(TM) Ultra 7 165H,sklib-0.15.0,yeast,31,15,1,diffba,compact,0.9,0.8983,640758,0.074,6,1665914,88909,0.13876,20.7993,0.0102817,0.0281775,0.0255911,0.00138864,0.0653821
2026-08-17T22:47:34+02:00,yoann-Precision-5490,Intel(R) Core(TM) Ultra 7 165H,sklib-0.15.0,yeast,31,15,8,inter,size,0.9,0.8983,10963553,0.016,6,NA,NA,NA,NA,NA,NA,NA,NA,NA
2026-08-17T22:47:35+02:00,yoann-Precision-5490,Intel(R) Core(TM) Ultra 7 165H,sklib-0.15.0,yeast,31,15,8,inter,nocompact,0.9,0.8983,10963553,0.182,9,197409506,10963553,1.00000,144.0478,NA,NA,NA,NA,NA
2026-08-17T22:47:35+02:00,yoann-Precision-5490,Intel(R) Core(TM) Ultra 7 165H,sklib-0.15.0,yeast,31,15,8,inter,compact,0.9,0.8983,10963553,0.108,7,22515134,1247199,0.11376,16.4291,NA,NA,NA,NA,NA
2026-08-17T22:47:35+02:00,yoann-Precision-5490,Intel(R) Core(TM) Ultra 7 165H,sklib-0.15.0,yeast,31,15,8,union,size,0.9,0.8983,12204854,0.015,6,NA,NA,NA,NA,NA,NA,NA,NA,NA
2026-08-17T22:47:36+02:00,yoann-Precision-5490,Intel(R) Core(TM) Ultra 7 165H,sklib-0.15.0,yeast,31,15,8,union,nocompact,0.9,0.8983,12204854,0.195,9,219752924,12204854,1.00000,144.0430,NA,NA,NA,NA,NA
2026-08-17T22:47:36+02:00,yoann-Precision-5490,Intel(R) Core(TM) Ultra 7 165H,sklib-0.15.0,yeast,31,15,8,union,compact,0.9,0.8983,12204854,0.125,7,25008188,1385702,0.11354,16.3923,NA,NA,NA,NA,NA
2026-08-17T22:47:37+02:00,yoann-Precision-5490,Intel(R) Core(TM) Ultra 7 165H,sklib-0.15.0,yeast,31,15,8,diffab,size,0.9,0.8983,600543,0.015,6,NA,NA,NA,NA,NA,NA,NA,NA,NA
2026-08-17T22:47:37+02:00,yoann-Precision-5490,Intel(R) Core(TM) Ultra 7 165H,sklib-0.15.0,yeast,31,15,8,diffab,nocompact,0.9,0.8983,600543,0.027,6,10875326,600543,1.00000,144.8732,NA,NA,NA,NA,NA
2026-08-17T22:47:37+02:00,yoann-Precision-5490,Intel(R) Core(TM) Ultra 7 165H,sklib-0.15.0,yeast,31,15,8,diffab,compact,0.9,0.8983,600543,0.021,6,1570946,83633,0.13926,20.9270,NA,NA,NA,NA,NA
2026-08-17T22:47:37+02:00,yoann-Precision-5490,Intel(R) Core(TM) Ultra 7 165H,sklib-0.15.0,yeast,31,15,8,diffba,size,0.9,0.8983,640758,0.018,6,NA,NA,NA,NA,NA,NA,NA,NA,NA
2026-08-17T22:47:37+02:00,yoann-Precision-5490,Intel(R) Core(TM) Ultra 7 165H,sklib-0.15.0,yeast,31,15,8,diffba,nocompact,0.9,0.8983,640758,0.029,6,11599196,640758,1.00000,144.8184,NA,NA,NA,NA,NA
2026-08-17T22:47:37+02:00,yoann-Precision-5490,Intel(R) Core(TM) Ultra 7 165H,sklib-0.15.0,yeast,31,15,8,diffba,compact,0.9,0.8983,640758,0.021,6,1665914,88909,0.13876,20.7993,NA,NA,NA,NA,NA
2026-08-17T22:47:38+02:00,yoann-Precision-5490,Intel(R) Core(TM) Ultra 7 165H,sklib-0.15.0,yeast,31,15,1,inter,size,1.0,1.0000,11564096,0.026,5,NA,NA,NA,NA,NA,NA,NA,NA,NA
2026-08-17T22:47:39+02:00,yoann-Precision-5490,Intel(R) Core(TM) Ultra 7 165H,sklib-0.15.0,yeast,31,15,1,inter,nocompact,1.0,1.0000,11564096,0.570,6,208219280,11564096,1.00000,144.0453,0.0117018,0.0904687,0.338473,0.0724197,0.513101
2026-08-17T22:47:41+02:00,yoann-Precision-5490,Intel(R) Core(TM) Ultra 7 165H,sklib-0.15.0,yeast,31,15,1,inter,compact,1.0,1.0000,11564096,0.415,6,23431892,1298130,0.11226,16.2101,0.0115305,0.0690164,0.310213,0.01134,0.401927
2026-08-17T22:47:41+02:00,yoann-Precision-5490,Intel(R) Core(TM) Ultra 7 165H,sklib-0.15.0,yeast,31,15,1,union,size,1.0,1.0000,11564096,0.025,5,NA,NA,NA,NA,NA,NA,NA,NA,NA
2026-08-17T22:47:43+02:00,yoann-Precision-5490,Intel(R) Core(TM) Ultra 7 165H,sklib-0.15.0,yeast,31,15,1,union,nocompact,1.0,1.0000,11564096,0.566,6,208219280,11564096,1.00000,144.0453,0.0111098,0.089374,0.337873,0.0700318,0.509002
2026-08-17T22:47:44+02:00,yoann-Precision-5490,Intel(R) Core(TM) Ultra 7 165H,sklib-0.15.0,yeast,31,15,1,union,compact,1.0,1.0000,11564096,0.412,6,23431892,1298130,0.11226,16.2101,0.0115018,0.0679077,0.306258,0.0116612,0.396704
2026-08-17T22:47:44+02:00,yoann-Precision-5490,Intel(R) Core(TM) Ultra 7 165H,sklib-0.15.0,yeast,31,15,1,diffab,size,1.0,1.0000,0,0.033,6,NA,NA,NA,NA,NA,NA,NA,NA,NA
2026-08-17T22:47:44+02:00,yoann-Precision-5490,Intel(R) Core(TM) Ultra 7 165H,sklib-0.15.0,yeast,31,15,1,diffab,nocompact,1.0,1.0000,0,0.027,6,65552,0,NA,NA,0.0104521,0.0101863,7.0738e-05,0.000194374,0.0209035
2026-08-17T22:47:45+02:00,yoann-Precision-5490,Intel(R) Core(TM) Ultra 7 165H,sklib-0.15.0,yeast,31,15,1,diffab,compact,1.0,1.0000,0,0.024,6,65552,0,NA,NA,0.00947627,0.00826972,5.9921e-05,0.000234596,0.0180405
2026-08-17T22:47:45+02:00,yoann-Precision-5490,Intel(R) Core(TM) Ultra 7 165H,sklib-0.15.0,yeast,31,15,1,diffba,size,1.0,1.0000,0,0.027,5,NA,NA,NA,NA,NA,NA,NA,NA,NA
2026-08-17T22:47:45+02:00,yoann-Precision-5490,Intel(R) Core(TM) Ultra 7 165H,sklib-0.15.0,yeast,31,15,1,diffba,nocompact,1.0,1.0000,0,0.026,6,65552,0,NA,NA,0.0100614,0.00972152,6.6157e-05,0.000182799,0.0200318
2026-08-17T22:47:45+02:00,yoann-Precision-5490,Intel(R) Core(TM) Ultra 7 165H,sklib-0.15.0,yeast,31,15,1,diffba,compact,1.0,1.0000,0,0.024,6,65552,0,NA,NA,0.00933315,0.00886384,5.8374e-05,0.000174638,0.0182851
2026-08-17T22:47:45+02:00,yoann-Precision-5490,Intel(R) Core(TM) Ultra 7 165H,sklib-0.15.0,yeast,31,15,8,inter,size,1.0,1.0000,11564096,0.016,6,NA,NA,NA,NA,NA,NA,NA,NA,NA
2026-08-17T22:47:46+02:00,yoann-Precision-5490,Intel(R) Core(TM) Ultra 7 165H,sklib-0.15.0,yeast,31,15,8,inter,nocompact,1.0,1.0000,11564096,0.199,9,208219280,11564096,1.00000,144.0453,NA,NA,NA,NA,NA
2026-08-17T22:47:46+02:00,yoann-Precision-5490,Intel(R) Core(TM) Ultra 7 165H,sklib-0.15.0,yeast,31,15,8,inter,compact,1.0,1.0000,11564096,0.108,7,23431892,1298130,0.11226,16.2101,NA,NA,NA,NA,NA
2026-08-17T22:47:46+02:00,yoann-Precision-5490,Intel(R) Core(TM) Ultra 7 165H,sklib-0.15.0,yeast,31,15,8,union,size,1.0,1.0000,11564096,0.014,6,NA,NA,NA,NA,NA,NA,NA,NA,NA
2026-08-17T22:47:47+02:00,yoann-Precision-5490,Intel(R) Core(TM) Ultra 7 165H,sklib-0.15.0,yeast,31,15,8,union,nocompact,1.0,1.0000,11564096,0.182,9,208219280,11564096,1.00000,144.0453,NA,NA,NA,NA,NA
2026-08-17T22:47:47+02:00,yoann-Precision-5490,Intel(R) Core(TM) Ultra 7 165H,sklib-0.15.0,yeast,31,15,8,union,compact,1.0,1.0000,11564096,0.108,7,23431892,1298130,0.11226,16.2101,NA,NA,NA,NA,NA
2026-08-17T22:47:47+02:00,yoann-Precision-5490,Intel(R) Core(TM) Ultra 7 165H,sklib-0.15.0,yeast,31,15,8,diffab,size,1.0,1.0000,0,0.016,6,NA,NA,NA,NA,NA,NA,NA,NA,NA
2026-08-17T22:47:47+02:00,yoann-Precision-5490,Intel(R) Core(TM) Ultra 7 165H,sklib-0.15.0,yeast,31,15,8,diffab,nocompact,1.0,1.0000,0,0.011,6,65552,0,NA,NA,NA,NA,NA,NA,NA
2026-08-17T22:47:48+02:00,yoann-Precision-5490,Intel(R) Core(TM) Ultra 7 165H,sklib-0.15.0,yeast,31,15,8,diffab,compact,1.0,1.0000,0,0.011,6,65552,0,NA,NA,NA,NA,NA,NA,NA
2026-08-17T22:47:48+02:00,yoann-Precision-5490,Intel(R) Core(TM) Ultra 7 165H,sklib-0.15.0,yeast,31,15,8,diffba,size,1.0,1.0000,0,0.015,6,NA,NA,NA,NA,NA,NA,NA,NA,NA
2026-08-17T22:47:48+02:00,yoann-Precision-5490,Intel(R) Core(TM) Ultra 7 165H,sklib-0.15.0,yeast,31,15,8,diffba,nocompact,1.0,1.0000,0,0.011,6,65552,0,NA,NA,NA,NA,NA,NA,NA
2026-08-17T22:47:48+02:00,yoann-Precision-5490,Intel(R) Core(TM) Ultra 7 165H,sklib-0.15.0,yeast,31,15,8,diffba,compact,1.0,1.0000,0,0.011,6,65552,0,NA,NA,NA,NA,NA,NA,NA
2026-08-17T22:47:49+02:00,yoann-Precision-5490,Intel(R) Core(TM) Ultra 7 165H,sklib-0.15.0,yeast,63,31,1,inter,size,0,0.0000,0,0.156,5,NA,NA,NA,NA,NA,NA,NA,NA,NA
2026-08-17T22:47:50+02:00,yoann-Precision-5490,Intel(R) Core(TM) Ultra 7 165H,sklib-0.15.0,yeast,63,31,1,inter,nocompact,0,0.0000,0,0.146,6,65552,0,NA,NA,0.0101441,0.127763,6.5024e-05,0.000273618,0.138233
2026-08-17T22:47:50+02:00,yoann-Precision-5490,Intel(R) Core(TM) Ultra 7 165H,sklib-0.15.0,yeast,63,31,1,inter,compact,0,0.0000,0,0.147,6,65552,0,NA,NA,0.0105129,0.128893,6.6652e-05,0.000264695,0.139303
2026-08-17T22:47:51+02:00,yoann-Precision-5490,Intel(R) Core(TM) Ultra 7 165H,sklib-0.15.0,yeast,63,31,1,union,size,0,0.0000,23806096,0.151,5,NA,NA,NA,NA,NA,NA,NA,NA,NA
2026-08-17T22:47:57+02:00,yoann-Precision-5490,Intel(R) Core(TM) Ultra 7 165H,sklib-0.15.0,yeast,63,31,1,union,nocompact,0,0.0000,23806096,2.134,6,809472816,23806096,1.00000,272.0220,0.0150007,0.593437,1.06291,0.272761,1.93522
2026-08-17T22:48:00+02:00,yoann-Precision-5490,Intel(R) Core(TM) Ultra 7 165H,sklib-0.15.0,yeast,63,31,1,union,compact,0,0.0000,23806096,0.970,6,47760140,1402782,0.05893,16.0497,0.0119594,0.206091,0.702954,0.0225588,0.943769
2026-08-17T22:48:01+02:00,yoann-Precision-5490,Intel(R) Core(TM) Ultra 7 165H,sklib-0.15.0,yeast,63,31,1,diffab,size,0,0.0000,11650045,0.149,5,NA,NA,NA,NA,NA,NA,NA,NA,NA
2026-08-17T22:48:04+02:00,yoann-Precision-5490,Intel(R) Core(TM) Ultra 7 165H,sklib-0.15.0,yeast,63,31,1,diffab,nocompact,0,0.0000,11650045,1.064,6,396167082,11650045,1.00000,272.0450,0.013104,0.325864,0.521591,0.138224,0.998782
2026-08-17T22:48:06+02:00,yoann-Precision-5490,Intel(R) Core(TM) Ultra 7 165H,sklib-0.15.0,yeast,63,31,1,diffab,compact,0,0.0000,11650045,0.542,6,23439736,687476,0.05901,16.0959,0.0112509,0.167836,0.336984,0.011558,0.528076
2026-08-17T22:48:06+02:00,yoann-Precision-5490,Intel(R) Core(TM) Ultra 7 165H,sklib-0.15.0,yeast,63,31,1,diffba,size,0,0.0000,12156051,0.157,5,NA,NA,NA,NA,NA,NA,NA,NA,NA
2026-08-17T22:48:09+02:00,yoann-Precision-5490,Intel(R) Core(TM) Ultra 7 165H,sklib-0.15.0,yeast,63,31,1,diffba,nocompact,0,0.0000,12156051,1.035,6,413371286,12156051,1.00000,272.0431,0.013013,0.268037,0.52652,0.130726,0.937008
2026-08-17T22:48:11+02:00,yoann-Precision-5490,Intel(R) Core(TM) Ultra 7 165H,sklib-0.15.0,yeast,63,31,1,diffba,compact,0,0.0000,12156051,0.556,6,24385956,715306,0.05884,16.0486,0.0117096,0.170725,0.352945,0.0118353,0.547564
2026-08-17T22:48:11+02:00,yoann-Precision-5490,Intel(R) Core(TM) Ultra 7 165H,sklib-0.15.0,yeast,63,31,8,inter,size,0,0.0000,0,0.044,6,NA,NA,NA,NA,NA,NA,NA,NA,NA
2026-08-17T22:48:11+02:00,yoann-Precision-5490,Intel(R) Core(TM) Ultra 7 165H,sklib-0.15.0,yeast,63,31,8,inter,nocompact,0,0.0000,0,0.032,6,65552,0,NA,NA,NA,NA,NA,NA,NA
2026-08-17T22:48:12+02:00,yoann-Precision-5490,Intel(R) Core(TM) Ultra 7 165H,sklib-0.15.0,yeast,63,31,8,inter,compact,0,0.0000,0,0.030,6,65552,0,NA,NA,NA,NA,NA,NA,NA
2026-08-17T22:48:12+02:00,yoann-Precision-5490,Intel(R) Core(TM) Ultra 7 165H,sklib-0.15.0,yeast,63,31,8,union,size,0,0.0000,23806096,0.046,6,NA,NA,NA,NA,NA,NA,NA,NA,NA
2026-08-17T22:48:13+02:00,yoann-Precision-5490,Intel(R) Core(TM) Ultra 7 165H,sklib-0.15.0,yeast,63,31,8,union,nocompact,0,0.0000,23806096,0.587,15,809472816,23806096,1.00000,272.0220,NA,NA,NA,NA,NA
2026-08-17T22:48:14+02:00,yoann-Precision-5490,Intel(R) Core(TM) Ultra 7 165H,sklib-0.15.0,yeast,63,31,8,union,compact,0,0.0000,23806096,0.225,10,47760140,1402782,0.05893,16.0497,NA,NA,NA,NA,NA
2026-08-17T22:48:14+02:00,yoann-Precision-5490,Intel(R) Core(TM) Ultra 7 165H,sklib-0.15.0,yeast,63,31,8,diffab,size,0,0.0000,11650045,0.048,6,NA,NA,NA,NA,NA,NA,NA,NA,NA
2026-08-17T22:48:15+02:00,yoann-Precision-5490,Intel(R) Core(TM) Ultra 7 165H,sklib-0.15.0,yeast,63,31,8,diffab,nocompact,0,0.0000,11650045,0.311,11,396167082,11650045,1.00000,272.0450,NA,NA,NA,NA,NA
2026-08-17T22:48:16+02:00,yoann-Precision-5490,Intel(R) Core(TM) Ultra 7 165H,sklib-0.15.0,yeast,63,31,8,diffab,compact,0,0.0000,11650045,0.133,8,23439736,687476,0.05901,16.0959,NA,NA,NA,NA,NA
2026-08-17T22:48:16+02:00,yoann-Precision-5490,Intel(R) Core(TM) Ultra 7 165H,sklib-0.15.0,yeast,63,31,8,diffba,size,0,0.0000,12156051,0.048,6,NA,NA,NA,NA,NA,NA,NA,NA,NA
2026-08-17T22:48:17+02:00,yoann-Precision-5490,Intel(R) Core(TM) Ultra 7 165H,sklib-0.15.0,yeast,63,31,8,diffba,nocompact,0,0.0000,12156051,0.336,11,413371286,12156051,1.00000,272.0431,NA,NA,NA,NA,NA
2026-08-17T22:48:18+02:00,yoann-Precision-5490,Intel(R) Core(TM) Ultra 7 165H,sklib-0.15.0,yeast,63,31,8,diffba,compact,0,0.0000,12156051,0.136,9,24385956,715306,0.05884,16.0486,NA,NA,NA,NA,NA
2026-08-17T22:48:18+02:00,yoann-Precision-5490,Intel(R) Core(TM) Ultra 7 165H,sklib-0.15.0,yeast,63,31,1,inter,size,0.1,0.1008,2176146,0.163,5,NA,NA,NA,NA,NA,NA,NA,NA,NA
2026-08-17T22:48:19+02:00,yoann-Precision-5490,Intel(R) Core(TM) Ultra 7 165H,sklib-0.15.0,yeast,63,31,1,inter,nocompact,0.1,0.1008,2176146,0.305,6,74054516,2176146,1.00000,272.2410,0.0107342,0.142934,0.090065,0.0264587,0.27025
2026-08-17T22:48:20+02:00,yoann-Precision-5490,Intel(R) Core(TM) Ultra 7 165H,sklib-0.15.0,yeast,63,31,1,inter,compact,0.1,0.1008,2176146,0.235,6,6259672,182180,0.08372,23.0120,0.0107219,0.130547,0.0795571,0.00382629,0.224302
2026-08-17T22:48:21+02:00,yoann-Precision-5490,Intel(R) Core(TM) Ultra 7 165H,sklib-0.15.0,yeast,63,31,1,union,size,0.1,0.1008,21579721,0.159,5,NA,NA,NA,NA,NA,NA,NA,NA,NA
2026-08-17T22:48:27+02:00,yoann-Precision-5490,Intel(R) Core(TM) Ultra 7 165H,sklib-0.15.0,yeast,63,31,1,union,nocompact,0.1,0.1008,21579721,1.941,6,733776066,21579721,1.00000,272.0243,0.0147846,0.556339,0.956727,0.248442,1.77959
2026-08-17T22:48:30+02:00,yoann-Precision-5490,Intel(R) Core(TM) Ultra 7 165H,sklib-0.15.0,yeast,63,31,1,union,compact,0.1,0.1008,21579721,0.913,6,45496794,1336213,0.06192,16.8665,0.0130865,0.196522,0.65009,0.0224249,0.884355
2026-08-17T22:48:30+02:00,yoann-Precision-5490,Intel(R) Core(TM) Ultra 7 165H,sklib-0.15.0,yeast,63,31,1,diffab,size,0.1,0.1008,9473899,0.154,5,NA,NA,NA,NA,NA,NA,NA,NA,NA
2026-08-17T22:48:33+02:00,yoann-Precision-5490,Intel(R) Core(TM) Ultra 7 165H,sklib-0.15.0,yeast,63,31,1,diffab,nocompact,0.1,0.1008,9473899,0.890,6,322178118,9473899,1.00000,272.0554,0.0133931,0.272791,0.404821,0.115427,0.806267
2026-08-17T22:48:34+02:00,yoann-Precision-5490,Intel(R) Core(TM) Ultra 7 165H,sklib-0.15.0,yeast,63,31,1,diffab,compact,0.1,0.1008,9473899,0.480,6,20909456,613056,0.06471,17.6565,0.0126212,0.160162,0.281492,0.0108678,0.465205
2026-08-17T22:48:35+02:00,yoann-Precision-5490,Intel(R) Core(TM) Ultra 7 165H,sklib-0.15.0,yeast,63,31,1,diffba,size,0.1,0.1008,9929676,0.149,5,NA,NA,NA,NA,NA,NA,NA,NA,NA
2026-08-17T22:48:38+02:00,yoann-Precision-5490,Intel(R) Core(TM) Ultra 7 165H,sklib-0.15.0,yeast,63,31,1,diffba,nocompact,0.1,0.1008,9929676,0.937,6,337674536,9929676,1.00000,272.0528,0.0134288,0.283946,0.422481,0.123797,0.841651
2026-08-17T22:48:39+02:00,yoann-Precision-5490,Intel(R) Core(TM) Ultra 7 165H,sklib-0.15.0,yeast,63,31,1,diffba,compact,0.1,0.1008,9929676,0.491,6,21845646,640591,0.06451,17.6003,0.0113459,0.161715,0.29192,0.0108288,0.475859
2026-08-17T22:48:39+02:00,yoann-Precision-5490,Intel(R) Core(TM) Ultra 7 165H,sklib-0.15.0,yeast,63,31,8,inter,size,0.1,0.1008,2176146,0.045,6,NA,NA,NA,NA,NA,NA,NA,NA,NA
2026-08-17T22:48:40+02:00,yoann-Precision-5490,Intel(R) Core(TM) Ultra 7 165H,sklib-0.15.0,yeast,63,31,8,inter,nocompact,0.1,0.1008,2176146,0.086,7,74054516,2176146,1.00000,272.2410,NA,NA,NA,NA,NA
2026-08-17T22:48:40+02:00,yoann-Precision-5490,Intel(R) Core(TM) Ultra 7 165H,sklib-0.15.0,yeast,63,31,8,inter,compact,0.1,0.1008,2176146,0.055,6,6259672,182180,0.08372,23.0120,NA,NA,NA,NA,NA
2026-08-17T22:48:40+02:00,yoann-Precision-5490,Intel(R) Core(TM) Ultra 7 165H,sklib-0.15.0,yeast,63,31,8,union,size,0.1,0.1008,21579721,0.047,6,NA,NA,NA,NA,NA,NA,NA,NA,NA
2026-08-17T22:48:42+02:00,yoann-Precision-5490,Intel(R) Core(TM) Ultra 7 165H,sklib-0.15.0,yeast,63,31,8,union,nocompact,0.1,0.1008,21579721,0.551,15,733776066,21579721,1.00000,272.0243,NA,NA,NA,NA,NA
2026-08-17T22:48:43+02:00,yoann-Precision-5490,Intel(R) Core(TM) Ultra 7 165H,sklib-0.15.0,yeast,63,31,8,union,compact,0.1,0.1008,21579721,0.217,10,45496794,1336213,0.06192,16.8665,NA,NA,NA,NA,NA
2026-08-17T22:48:43+02:00,yoann-Precision-5490,Intel(R) Core(TM) Ultra 7 165H,sklib-0.15.0,yeast,63,31,8,diffab,size,0.1,0.1008,9473899,0.048,6,NA,NA,NA,NA,NA,NA,NA,NA,NA
2026-08-17T22:48:44+02:00,yoann-Precision-5490,Intel(R) Core(TM) Ultra 7 165H,sklib-0.15.0,yeast,63,31,8,diffab,nocompact,0.1,0.1008,9473899,0.266,10,322178118,9473899,1.00000,272.0554,NA,NA,NA,NA,NA
2026-08-17T22:48:44+02:00,yoann-Precision-5490,Intel(R) Core(TM) Ultra 7 165H,sklib-0.15.0,yeast,63,31,8,diffab,compact,0.1,0.1008,9473899,0.113,8,20909456,613056,0.06471,17.6565,NA,NA,NA,NA,NA
2026-08-17T22:48:44+02:00,yoann-Precision-5490,Intel(R) Core(TM) Ultra 7 165H,sklib-0.15.0,yeast,63,31,8,diffba,size,0.1,0.1008,9929676,0.044,6,NA,NA,NA,NA,NA,NA,NA,NA,NA
2026-08-17T22:48:45+02:00,yoann-Precision-5490,Intel(R) Core(TM) Ultra 7 165H,sklib-0.15.0,yeast,63,31,8,diffba,nocompact,0.1,0.1008,9929676,0.274,11,337674536,9929676,1.00000,272.0528,NA,NA,NA,NA,NA
2026-08-17T22:48:45+02:00,yoann-Precision-5490,Intel(R) Core(TM) Ultra 7 165H,sklib-0.15.0,yeast,63,31,8,diffba,compact,0.1,0.1008,9929676,0.121,8,21845646,640591,0.06451,17.6003,NA,NA,NA,NA,NA
2026-08-17T22:48:46+02:00,yoann-Precision-5490,Intel(R) Core(TM) Ultra 7 165H,sklib-0.15.0,yeast,63,31,1,inter,size,0.3,0.2982,5424743,0.130,5,NA,NA,NA,NA,NA,NA,NA,NA,NA
2026-08-17T22:48:48+02:00,yoann-Precision-5490,Intel(R) Core(TM) Ultra 7 165H,sklib-0.15.0,yeast,63,31,1,inter,nocompact,0.3,0.2982,5424743,0.520,6,184506814,5424743,1.00000,272.0967,0.0122508,0.165009,0.226667,0.0696815,0.473608
2026-08-17T22:48:49+02:00,yoann-Precision-5490,Intel(R) Core(TM) Ultra 7 165H,sklib-0.15.0,yeast,63,31,1,inter,compact,0.3,0.2982,5424743,0.333,6,13051002,381925,0.07040,19.2466,0.0121763,0.135704,0.16645,0.00728062,0.321611
2026-08-17T22:48:49+02:00,yoann-Precision-5490,Intel(R) Core(TM) Ultra 7 165H,sklib-0.15.0,yeast,63,31,1,union,size,0.3,0.2982,18193662,0.124,5,NA,NA,NA,NA,NA,NA,NA,NA,NA
2026-08-17T22:48:55+02:00,yoann-Precision-5490,Intel(R) Core(TM) Ultra 7 165H,sklib-0.15.0,yeast,63,31,1,union,nocompact,0.3,0.2982,18193662,1.692,6,618650060,18193662,1.00000,272.0288,0.0150055,0.483037,0.828752,0.222037,1.55195
2026-08-17T22:48:57+02:00,yoann-Precision-5490,Intel(R) Core(TM) Ultra 7 165H,sklib-0.15.0,yeast,63,31,1,union,compact,0.3,0.2982,18193662,0.765,6,38768704,1138328,0.06257,17.0471,0.0127355,0.174326,0.535717,0.0202969,0.742479
2026-08-17T22:48:57+02:00,yoann-Precision-5490,Intel(R) Core(TM) Ultra 7 165H,sklib-0.15.0,yeast,63,31,1,diffab,size,0.3,0.2982,6225302,0.122,5,NA,NA,NA,NA,NA,NA,NA,NA,NA
2026-08-17T22:48:59+02:00,yoann-Precision-5490,Intel(R) Core(TM) Ultra 7 165H,sklib-0.15.0,yeast,63,31,1,diffab,nocompact,0.3,0.2982,6225302,0.542,6,211725820,6225302,1.00000,272.0842,0.0111156,0.139565,0.270147,0.0655087,0.486285
2026-08-17T22:49:00+02:00,yoann-Precision-5490,Intel(R) Core(TM) Ultra 7 165H,sklib-0.15.0,yeast,63,31,1,diffab,compact,0.3,0.2982,6225302,0.356,6,14648934,428923,0.06890,18.8250,0.0126465,0.125268,0.200496,0.0082445,0.344919
2026-08-17T22:49:01+02:00,yoann-Precision-5490,Intel(R) Core(TM) Ultra 7 165H,sklib-0.15.0,yeast,63,31,1,diffba,size,0.3,0.2982,6543617,0.124,5,NA,NA,NA,NA,NA,NA,NA,NA,NA
2026-08-17T22:49:03+02:00,yoann-Precision-5490,Intel(R) Core(TM) Ultra 7 165H,sklib-0.15.0,yeast,63,31,1,diffba,nocompact,0.3,0.2982,6543617,0.571,6,222548530,6543617,1.00000,272.0801,0.0114175,0.138794,0.283236,0.0662675,0.499715
2026-08-17T22:49:04+02:00,yoann-Precision-5490,Intel(R) Core(TM) Ultra 7 165H,sklib-0.15.0,yeast,63,31,1,diffba,compact,0.3,0.2982,6543617,0.347,6,15351952,449600,0.06871,18.7688,0.0114752,0.117298,0.196805,0.00761061,0.33333
2026-08-17T22:49:04+02:00,yoann-Precision-5490,Intel(R) Core(TM) Ultra 7 165H,sklib-0.15.0,yeast,63,31,8,inter,size,0.3,0.2982,5424743,0.033,6,NA,NA,NA,NA,NA,NA,NA,NA,NA
2026-08-17T22:49:04+02:00,yoann-Precision-5490,Intel(R) Core(TM) Ultra 7 165H,sklib-0.15.0,yeast,63,31,8,inter,nocompact,0.3,0.2982,5424743,0.187,9,184506814,5424743,1.00000,272.0967,NA,NA,NA,NA,NA
2026-08-17T22:49:05+02:00,yoann-Precision-5490,Intel(R) Core(TM) Ultra 7 165H,sklib-0.15.0,yeast,63,31,8,inter,compact,0.3,0.2982,5424743,0.078,7,13051002,381925,0.07040,19.2466,NA,NA,NA,NA,NA
2026-08-17T22:49:05+02:00,yoann-Precision-5490,Intel(R) Core(TM) Ultra 7 165H,sklib-0.15.0,yeast,63,31,8,union,size,0.3,0.2982,18193662,0.035,6,NA,NA,NA,NA,NA,NA,NA,NA,NA
2026-08-17T22:49:06+02:00,yoann-Precision-5490,Intel(R) Core(TM) Ultra 7 165H,sklib-0.15.0,yeast,63,31,8,union,nocompact,0.3,0.2982,18193662,0.462,14,618650060,18193662,1.00000,272.0288,NA,NA,NA,NA,NA
2026-08-17T22:49:07+02:00,yoann-Precision-5490,Intel(R) Core(TM) Ultra 7 165H,sklib-0.15.0,yeast,63,31,8,union,compact,0.3,0.2982,18193662,0.197,10,38768704,1138328,0.06257,17.0471,NA,NA,NA,NA,NA
2026-08-17T22:49:07+02:00,yoann-Precision-5490,Intel(R) Core(TM) Ultra 7 165H,sklib-0.15.0,yeast,63,31,8,diffab,size,0.3,0.2982,6225302,0.034,6,NA,NA,NA,NA,NA,NA,NA,NA,NA
2026-08-17T22:49:08+02:00,yoann-Precision-5490,Intel(R) Core(TM) Ultra 7 165H,sklib-0.15.0,yeast,63,31,8,diffab,nocompact,0.3,0.2982,6225302,0.192,9,211725820,6225302,1.00000,272.0842,NA,NA,NA,NA,NA
2026-08-17T22:49:08+02:00,yoann-Precision-5490,Intel(R) Core(TM) Ultra 7 165H,sklib-0.15.0,yeast,63,31,8,diffab,compact,0.3,0.2982,6225302,0.084,8,14648934,428923,0.06890,18.8250,NA,NA,NA,NA,NA
2026-08-17T22:49:08+02:00,yoann-Precision-5490,Intel(R) Core(TM) Ultra 7 165H,sklib-0.15.0,yeast,63,31,8,diffba,size,0.3,0.2982,6543617,0.035,6,NA,NA,NA,NA,NA,NA,NA,NA,NA
2026-08-17T22:49:09+02:00,yoann-Precision-5490,Intel(R) Core(TM) Ultra 7 165H,sklib-0.15.0,yeast,63,31,8,diffba,nocompact,0.3,0.2982,6543617,0.195,9,222548530,6543617,1.00000,272.0801,NA,NA,NA,NA,NA
2026-08-17T22:49:09+02:00,yoann-Precision-5490,Intel(R) Core(TM) Ultra 7 165H,sklib-0.15.0,yeast,63,31,8,diffba,compact,0.3,0.2982,6543617,0.084,8,15351952,449600,0.06871,18.7688,NA,NA,NA,NA,NA
2026-08-17T22:49:10+02:00,yoann-Precision-5490,Intel(R) Core(TM) Ultra 7 165H,sklib-0.15.0,yeast,63,31,1,inter,size,0.5,0.4981,7816604,0.099,5,NA,NA,NA,NA,NA,NA,NA,NA,NA
2026-08-17T22:49:12+02:00,yoann-Precision-5490,Intel(R) Core(TM) Ultra 7 165H,sklib-0.15.0,yeast,63,31,1,inter,nocompact,0.5,0.4981,7816604,0.669,6,265830088,7816604,1.00000,272.0671,0.0119937,0.172427,0.341283,0.081278,0.606458
2026-08-17T22:49:13+02:00,yoann-Precision-5490,Intel(R) Core(TM) Ultra 7 165H,sklib-0.15.0,yeast,63,31,1,inter,compact,0.5,0.4981,7816604,0.397,6,17317254,507403,0.06491,17.7236,0.0117,0.125993,0.234479,0.00933678,0.381333
2026-08-17T22:49:14+02:00,yoann-Precision-5490,Intel(R) Core(TM) Ultra 7 165H,sklib-0.15.0,yeast,63,31,1,union,size,0.5,0.4981,15692779,0.091,5,NA,NA,NA,NA,NA,NA,NA,NA,NA
2026-08-17T22:49:17+02:00,yoann-Precision-5490,Intel(R) Core(TM) Ultra 7 165H,sklib-0.15.0,yeast,63,31,1,union,nocompact,0.5,0.4981,15692779,1.233,6,533620038,15692779,1.00000,272.0334,0.0130981,0.251692,0.698351,0.155389,1.11853
2026-08-17T22:49:20+02:00,yoann-Precision-5490,Intel(R) Core(TM) Ultra 7 165H,sklib-0.15.0,yeast,63,31,1,union,compact,0.5,0.4981,15692779,0.700,6,33157582,973295,0.06202,16.9034,0.0123124,0.15488,0.487649,0.0164648,0.672106
2026-08-17T22:49:20+02:00,yoann-Precision-5490,Intel(R) Core(TM) Ultra 7 165H,sklib-0.15.0,yeast,63,31,1,diffab,size,0.5,0.4981,3833441,0.097,5,NA,NA,NA,NA,NA,NA,NA,NA,NA
2026-08-17T22:49:21+02:00,yoann-Precision-5490,Intel(R) Core(TM) Ultra 7 165H,sklib-0.15.0,yeast,63,31,1,diffab,nocompact,0.5,0.4981,3833441,0.360,6,130402546,3833441,1.00000,272.1368,0.0109462,0.0992876,0.161036,0.0438592,0.31462
2026-08-17T22:49:22+02:00,yoann-Precision-5490,Intel(R) Core(TM) Ultra 7 165H,sklib-0.15.0,yeast,63,31,1,diffab,compact,0.5,0.4981,3833441,0.241,6,9344254,272903,0.07119,19.5005,0.0116998,0.0847497,0.128164,0.005469,0.23005
2026-08-17T22:49:22+02:00,yoann-Precision-5490,Intel(R) Core(TM) Ultra 7 165H,sklib-0.15.0,yeast,63,31,1,diffba,size,0.5,0.4981,4042734,0.093,5,NA,NA,NA,NA,NA,NA,NA,NA,NA
2026-08-17T22:49:23+02:00,yoann-Precision-5490,Intel(R) Core(TM) Ultra 7 165H,sklib-0.15.0,yeast,63,31,1,diffba,nocompact,0.5,0.4981,4042734,0.353,6,137518508,4042734,1.00000,272.1297,0.0106493,0.09582,0.164629,0.0448638,0.316136
2026-08-17T22:49:24+02:00,yoann-Precision-5490,Intel(R) Core(TM) Ultra 7 165H,sklib-0.15.0,yeast,63,31,1,diffba,compact,0.5,0.4981,4042734,0.240,6,9815154,286753,0.07093,19.4228,0.010295,0.0821691,0.129187,0.00518357,0.227099
2026-08-17T22:49:24+02:00,yoann-Precision-5490,Intel(R) Core(TM) Ultra 7 165H,sklib-0.15.0,yeast,63,31,8,inter,size,0.5,0.4981,7816604,0.026,6,NA,NA,NA,NA,NA,NA,NA,NA,NA
2026-08-17T22:49:25+02:00,yoann-Precision-5490,Intel(R) Core(TM) Ultra 7 165H,sklib-0.15.0,yeast,63,31,8,inter,nocompact,0.5,0.4981,7816604,0.230,9,265830088,7816604,1.00000,272.0671,NA,NA,NA,NA,NA
2026-08-17T22:49:25+02:00,yoann-Precision-5490,Intel(R) Core(TM) Ultra 7 165H,sklib-0.15.0,yeast,63,31,8,inter,compact,0.5,0.4981,7816604,0.099,8,17317254,507403,0.06491,17.7236,NA,NA,NA,NA,NA
2026-08-17T22:49:26+02:00,yoann-Precision-5490,Intel(R) Core(TM) Ultra 7 165H,sklib-0.15.0,yeast,63,31,8,union,size,0.5,0.4981,15692779,0.026,6,NA,NA,NA,NA,NA,NA,NA,NA,NA
2026-08-17T22:49:27+02:00,yoann-Precision-5490,Intel(R) Core(TM) Ultra 7 165H,sklib-0.15.0,yeast,63,31,8,union,nocompact,0.5,0.4981,15692779,0.390,12,533620038,15692779,1.00000,272.0334,NA,NA,NA,NA,NA
2026-08-17T22:49:27+02:00,yoann-Precision-5490,Intel(R) Core(TM) Ultra 7 165H,sklib-0.15.0,yeast,63,31,8,union,compact,0.5,0.4981,15692779,0.166,10,33157582,973295,0.06202,16.9034,NA,NA,NA,NA,NA
2026-08-17T22:49:27+02:00,yoann-Precision-5490,Intel(R) Core(TM) Ultra 7 165H,sklib-0.15.0,yeast,63,31,8,diffab,size,0.5,0.4981,3833441,0.026,6,NA,NA,NA,NA,NA,NA,NA,NA,NA
2026-08-17T22:49:28+02:00,yoann-Precision-5490,Intel(R) Core(TM) Ultra 7 165H,sklib-0.15.0,yeast,63,31,8,diffab,nocompact,0.5,0.4981,3833441,0.126,8,130402546,3833441,1.00000,272.1368,NA,NA,NA,NA,NA
2026-08-17T22:49:28+02:00,yoann-Precision-5490,Intel(R) Core(TM) Ultra 7 165H,sklib-0.15.0,yeast,63,31,8,diffab,compact,0.5,0.4981,3833441,0.059,7,9344254,272903,0.07119,19.5005,NA,NA,NA,NA,NA
2026-08-17T22:49:28+02:00,yoann-Precision-5490,Intel(R) Core(TM) Ultra 7 165H,sklib-0.15.0,yeast,63,31,8,diffba,size,0.5,0.4981,4042734,0.025,6,NA,NA,NA,NA,NA,NA,NA,NA,NA
2026-08-17T22:49:29+02:00,yoann-Precision-5490,Intel(R) Core(TM) Ultra 7 165H,sklib-0.15.0,yeast,63,31,8,diffba,nocompact,0.5,0.4981,4042734,0.137,8,137518508,4042734,1.00000,272.1297,NA,NA,NA,NA,NA
2026-08-17T22:49:29+02:00,yoann-Precision-5490,Intel(R) Core(TM) Ultra 7 165H,sklib-0.15.0,yeast,63,31,8,diffba,compact,0.5,0.4981,4042734,0.064,7,9815154,286753,0.07093,19.4228,NA,NA,NA,NA,NA
2026-08-17T22:49:30+02:00,yoann-Precision-5490,Intel(R) Core(TM) Ultra 7 165H,sklib-0.15.0,yeast,63,31,1,inter,size,0.7,0.6980,9624529,0.064,6,NA,NA,NA,NA,NA,NA,NA,NA,NA
2026-08-17T22:49:32+02:00,yoann-Precision-5490,Intel(R) Core(TM) Ultra 7 165H,sklib-0.15.0,yeast,63,31,1,inter,nocompact,0.7,0.6980,9624529,0.864,6,327299538,9624529,1.00000,272.0545,0.013045,0.238175,0.432744,0.116608,0.800572
2026-08-17T22:49:34+02:00,yoann-Precision-5490,Intel(R) Core(TM) Ultra 7 165H,sklib-0.15.0,yeast,63,31,1,inter,compact,0.7,0.6980,9624529,0.436,6,20294974,594983,0.06182,16.8694,0.0117069,0.118208,0.287578,0.0108041,0.428614
2026-08-17T22:49:34+02:00,yoann-Precision-5490,Intel(R) Core(TM) Ultra 7 165H,sklib-0.15.0,yeast,63,31,1,union,size,0.7,0.6980,13789183,0.063,6,NA,NA,NA,NA,NA,NA,NA,NA,NA
2026-08-17T22:49:37+02:00,yoann-Precision-5490,Intel(R) Core(TM) Ultra 7 165H,sklib-0.15.0,yeast,63,31,1,union,nocompact,0.7,0.6980,13789183,1.051,6,468897774,13789183,1.00000,272.0380,0.0120314,0.161116,0.633337,0.126318,0.933459
2026-08-17T22:49:39+02:00,yoann-Precision-5490,Intel(R) Core(TM) Ultra 7 165H,sklib-0.15.0,yeast,63,31,1,union,compact,0.7,0.6980,13789183,0.604,6,28678728,841564,0.06103,16.6384,0.0116136,0.131155,0.429722,0.0137372,0.58673
2026-08-17T22:49:39+02:00,yoann-Precision-5490,Intel(R) Core(TM) Ultra 7 165H,sklib-0.15.0,yeast,63,31,1,diffab,size,0.7,0.6980,2025516,0.062,6,NA,NA,NA,NA,NA,NA,NA,NA,NA
2026-08-17T22:49:40+02:00,yoann-Precision-5490,Intel(R) Core(TM) Ultra 7 165H,sklib-0.15.0,yeast,63,31,1,diffab,nocompact,0.7,0.6980,2025516,0.191,6,68933096,2025516,1.00000,272.2589,0.010276,0.0566004,0.0824615,0.0234578,0.172796
2026-08-17T22:49:41+02:00,yoann-Precision-5490,Intel(R) Core(TM) Ultra 7 165H,sklib-0.15.0,yeast,63,31,1,diffab,compact,0.7,0.6980,2025516,0.147,6,5074908,147334,0.07274,20.0439,0.0104505,0.050667,0.0737529,0.00323995,0.138336
2026-08-17T22:49:41+02:00,yoann-Precision-5490,Intel(R) Core(TM) Ultra 7 165H,sklib-0.15.0,yeast,63,31,1,diffba,size,0.7,0.6980,2139138,0.065,5,NA,NA,NA,NA,NA,NA,NA,NA,NA
2026-08-17T22:49:42+02:00,yoann-Precision-5490,Intel(R) Core(TM) Ultra 7 165H,sklib-0.15.0,yeast,63,31,1,diffba,nocompact,0.7,0.6980,2139138,0.200,6,72796244,2139138,1.00000,272.2452,0.0103636,0.0577385,0.0877901,0.0250153,0.18044
2026-08-17T22:49:42+02:00,yoann-Precision-5490,Intel(R) Core(TM) Ultra 7 165H,sklib-0.15.0,yeast,63,31,1,diffba,compact,0.7,0.6980,2139138,0.151,6,5341604,155178,0.07254,19.9767,0.0104174,0.0508785,0.0770497,0.00319549,0.14183
2026-08-17T22:49:42+02:00,yoann-Precision-5490,Intel(R) Core(TM) Ultra 7 165H,sklib-0.15.0,yeast,63,31,8,inter,size,0.7,0.6980,9624529,0.019,6,NA,NA,NA,NA,NA,NA,NA,NA,NA
2026-08-17T22:49:43+02:00,yoann-Precision-5490,Intel(R) Core(TM) Ultra 7 165H,sklib-0.15.0,yeast,63,31,8,inter,nocompact,0.7,0.6980,9624529,0.260,10,327299538,9624529,1.00000,272.0545,NA,NA,NA,NA,NA
2026-08-17T22:49:43+02:00,yoann-Precision-5490,Intel(R) Core(TM) Ultra 7 165H,sklib-0.15.0,yeast,63,31,8,inter,compact,0.7,0.6980,9624529,0.107,8,20294974,594983,0.06182,16.8694,NA,NA,NA,NA,NA
2026-08-17T22:49:44+02:00,yoann-Precision-5490,Intel(R) Core(TM) Ultra 7 165H,sklib-0.15.0,yeast,63,31,8,union,size,0.7,0.6980,13789183,0.018,6,NA,NA,NA,NA,NA,NA,NA,NA,NA
2026-08-17T22:49:45+02:00,yoann-Precision-5490,Intel(R) Core(TM) Ultra 7 165H,sklib-0.15.0,yeast,63,31,8,union,nocompact,0.7,0.6980,13789183,0.343,12,468897774,13789183,1.00000,272.0380,NA,NA,NA,NA,NA
2026-08-17T22:49:45+02:00,yoann-Precision-5490,Intel(R) Core(TM) Ultra 7 165H,sklib-0.15.0,yeast,63,31,8,union,compact,0.7,0.6980,13789183,0.149,10,28678728,841564,0.06103,16.6384,NA,NA,NA,NA,NA
2026-08-17T22:49:45+02:00,yoann-Precision-5490,Intel(R) Core(TM) Ultra 7 165H,sklib-0.15.0,yeast,63,31,8,diffab,size,0.7,0.6980,2025516,0.018,6,NA,NA,NA,NA,NA,NA,NA,NA,NA
2026-08-17T22:49:45+02:00,yoann-Precision-5490,Intel(R) Core(TM) Ultra 7 165H,sklib-0.15.0,yeast,63,31,8,diffab,nocompact,0.7,0.6980,2025516,0.080,7,68933096,2025516,1.00000,272.2589,NA,NA,NA,NA,NA
2026-08-17T22:49:46+02:00,yoann-Precision-5490,Intel(R) Core(TM) Ultra 7 165H,sklib-0.15.0,yeast,63,31,8,diffab,compact,0.7,0.6980,2025516,0.039,6,5074908,147334,0.07274,20.0439,NA,NA,NA,NA,NA
2026-08-17T22:49:46+02:00,yoann-Precision-5490,Intel(R) Core(TM) Ultra 7 165H,sklib-0.15.0,yeast,63,31,8,diffba,size,0.7,0.6980,2139138,0.019,6,NA,NA,NA,NA,NA,NA,NA,NA,NA
2026-08-17T22:49:46+02:00,yoann-Precision-5490,Intel(R) Core(TM) Ultra 7 165H,sklib-0.15.0,yeast,63,31,8,diffba,nocompact,0.7,0.6980,2139138,0.083,7,72796244,2139138,1.00000,272.2452,NA,NA,NA,NA,NA
2026-08-17T22:49:46+02:00,yoann-Precision-5490,Intel(R) Core(TM) Ultra 7 165H,sklib-0.15.0,yeast,63,31,8,diffba,compact,0.7,0.6980,2139138,0.040,6,5341604,155178,0.07254,19.9767,NA,NA,NA,NA,NA
2026-08-17T22:49:47+02:00,yoann-Precision-5490,Intel(R) Core(TM) Ultra 7 165H,sklib-0.15.0,yeast,63,31,1,inter,size,0.9,0.8986,11043858,0.038,5,NA,NA,NA,NA,NA,NA,NA,NA,NA
2026-08-17T22:49:50+02:00,yoann-Precision-5490,Intel(R) Core(TM) Ultra 7 165H,sklib-0.15.0,yeast,63,31,1,inter,nocompact,0.9,0.8986,11043858,0.948,6,375556724,11043858,1.00000,272.0475,0.0129645,0.230656,0.480017,0.127513,0.855159
2026-08-17T22:49:51+02:00,yoann-Precision-5490,Intel(R) Core(TM) Ultra 7 165H,sklib-0.15.0,yeast,63,31,1,inter,compact,0.9,0.8986,11043858,0.444,6,22520546,660441,0.05980,16.3135,0.011494,0.0999195,0.312065,0.010565,0.435089
2026-08-17T22:49:51+02:00,yoann-Precision-5490,Intel(R) Core(TM) Ultra 7 165H,sklib-0.15.0,yeast,63,31,1,union,size,0.9,0.8986,12290666,0.036,5,NA,NA,NA,NA,NA,NA,NA,NA,NA
2026-08-17T22:49:54+02:00,yoann-Precision-5490,Intel(R) Core(TM) Ultra 7 165H,sklib-0.15.0,yeast,63,31,1,union,nocompact,0.9,0.8986,12290666,0.965,6,417948196,12290666,1.00000,272.0427,0.0125181,0.167464,0.552758,0.122724,0.859028
2026-08-17T22:49:56+02:00,yoann-Precision-5490,Intel(R) Core(TM) Ultra 7 165H,sklib-0.15.0,yeast,63,31,1,union,compact,0.9,0.8986,12290666,0.493,6,25019614,733943,0.05972,16.2853,0.0113717,0.100316,0.351402,0.0120736,0.476387
2026-08-17T22:49:56+02:00,yoann-Precision-5490,Intel(R) Core(TM) Ultra 7 165H,sklib-0.15.0,yeast,63,31,1,diffab,size,0.9,0.8986,606187,0.035,6,NA,NA,NA,NA,NA,NA,NA,NA,NA
2026-08-17T22:49:56+02:00,yoann-Precision-5490,Intel(R) Core(TM) Ultra 7 165H,sklib-0.15.0,yeast,63,31,1,diffab,nocompact,0.9,0.8986,606187,0.072,6,20675910,606187,1.00000,272.8651,0.00954248,0.0218166,0.0197923,0.00807231,0.0591293
2026-08-17T22:49:57+02:00,yoann-Precision-5490,Intel(R) Core(TM) Ultra 7 165H,sklib-0.15.0,yeast,63,31,1,diffab,compact,0.9,0.8986,606187,0.060,6,1583278,44639,0.07364,20.8949,0.00968255,0.0192842,0.0229168,0.00110431,0.0530756
2026-08-17T22:49:57+02:00,yoann-Precision-5490,Intel(R) Core(TM) Ultra 7 165H,sklib-0.15.0,yeast,63,31,1,diffba,size,0.9,0.8986,640621,0.037,5,NA,NA,NA,NA,NA,NA,NA,NA,NA
2026-08-17T22:49:57+02:00,yoann-Precision-5490,Intel(R) Core(TM) Ultra 7 165H,sklib-0.15.0,yeast,63,31,1,diffba,nocompact,0.9,0.8986,640621,0.077,6,21846666,640621,1.00000,272.8186,0.00989289,0.022615,0.0219036,0.00847977,0.0628912
2026-08-17T22:49:58+02:00,yoann-Precision-5490,Intel(R) Core(TM) Ultra 7 165H,sklib-0.15.0,yeast,63,31,1,diffba,compact,0.9,0.8986,640621,0.068,6,1662838,46979,0.07333,20.7653,0.0105464,0.0210756,0.0257622,0.00129774,0.0586819
2026-08-17T22:49:58+02:00,yoann-Precision-5490,Intel(R) Core(TM) Ultra 7 165H,sklib-0.15.0,yeast,63,31,8,inter,size,0.9,0.8986,11043858,0.017,6,NA,NA,NA,NA,NA,NA,NA,NA,NA
2026-08-17T22:49:58+02:00,yoann-Precision-5490,Intel(R) Core(TM) Ultra 7 165H,sklib-0.15.0,yeast,63,31,8,inter,nocompact,0.9,0.8986,11043858,0.281,11,375556724,11043858,1.00000,272.0475,NA,NA,NA,NA,NA
2026-08-17T22:49:59+02:00,yoann-Precision-5490,Intel(R) Core(TM) Ultra 7 165H,sklib-0.15.0,yeast,63,31,8,inter,compact,0.9,0.8986,11043858,0.117,8,22520546,660441,0.05980,16.3135,NA,NA,NA,NA,NA
2026-08-17T22:49:59+02:00,yoann-Precision-5490,Intel(R) Core(TM) Ultra 7 165H,sklib-0.15.0,yeast,63,31,8,union,size,0.9,0.8986,12290666,0.014,6,NA,NA,NA,NA,NA,NA,NA,NA,NA
2026-08-17T22:50:00+02:00,yoann-Precision-5490,Intel(R) Core(TM) Ultra 7 165H,sklib-0.15.0,yeast,63,31,8,union,nocompact,0.9,0.8986,12290666,0.308,11,417948196,12290666,1.00000,272.0427,NA,NA,NA,NA,NA
2026-08-17T22:50:00+02:00,yoann-Precision-5490,Intel(R) Core(TM) Ultra 7 165H,sklib-0.15.0,yeast,63,31,8,union,compact,0.9,0.8986,12290666,0.127,9,25019614,733943,0.05972,16.2853,NA,NA,NA,NA,NA
2026-08-17T22:50:01+02:00,yoann-Precision-5490,Intel(R) Core(TM) Ultra 7 165H,sklib-0.15.0,yeast,63,31,8,diffab,size,0.9,0.8986,606187,0.015,6,NA,NA,NA,NA,NA,NA,NA,NA,NA
2026-08-17T22:50:01+02:00,yoann-Precision-5490,Intel(R) Core(TM) Ultra 7 165H,sklib-0.15.0,yeast,63,31,8,diffab,nocompact,0.9,0.8986,606187,0.041,6,20675910,606187,1.00000,272.8651,NA,NA,NA,NA,NA
2026-08-17T22:50:01+02:00,yoann-Precision-5490,Intel(R) Core(TM) Ultra 7 165H,sklib-0.15.0,yeast,63,31,8,diffab,compact,0.9,0.8986,606187,0.021,6,1583278,44639,0.07364,20.8949,NA,NA,NA,NA,NA
2026-08-17T22:50:01+02:00,yoann-Precision-5490,Intel(R) Core(TM) Ultra 7 165H,sklib-0.15.0,yeast,63,31,8,diffba,size,0.9,0.8986,640621,0.017,6,NA,NA,NA,NA,NA,NA,NA,NA,NA
2026-08-17T22:50:01+02:00,yoann-Precision-5490,Intel(R) Core(TM) Ultra 7 165H,sklib-0.15.0,yeast,63,31,8,diffba,nocompact,0.9,0.8986,640621,0.039,6,21846666,640621,1.00000,272.8186,NA,NA,NA,NA,NA
2026-08-17T22:50:01+02:00,yoann-Precision-5490,Intel(R) Core(TM) Ultra 7 165H,sklib-0.15.0,yeast,63,31,8,diffba,compact,0.9,0.8986,640621,0.023,6,1662838,46979,0.07333,20.7653,NA,NA,NA,NA,NA
2026-08-17T22:50:02+02:00,yoann-Precision-5490,Intel(R) Core(TM) Ultra 7 165H,sklib-0.15.0,yeast,63,31,1,inter,size,1.0,1.0000,11650045,0.024,6,NA,NA,NA,NA,NA,NA,NA,NA,NA
2026-08-17T22:50:05+02:00,yoann-Precision-5490,Intel(R) Core(TM) Ultra 7 165H,sklib-0.15.0,yeast,63,31,1,inter,nocompact,1.0,1.0000,11650045,0.988,6,396167082,11650045,1.00000,272.0450,0.0129254,0.228566,0.514611,0.130935,0.889502
2026-08-17T22:50:06+02:00,yoann-Precision-5490,Intel(R) Core(TM) Ultra 7 165H,sklib-0.15.0,yeast,63,31,1,inter,compact,1.0,1.0000,11650045,0.469,6,23439736,687476,0.05901,16.0959,0.0114226,0.0905864,0.341314,0.011085,0.454664
2026-08-17T22:50:06+02:00,yoann-Precision-5490,Intel(R) Core(TM) Ultra 7 165H,sklib-0.15.0,yeast,63,31,1,union,size,1.0,1.0000,11650045,0.027,5,NA,NA,NA,NA,NA,NA,NA,NA,NA
2026-08-17T22:50:09+02:00,yoann-Precision-5490,Intel(R) Core(TM) Ultra 7 165H,sklib-0.15.0,yeast,63,31,1,union,nocompact,1.0,1.0000,11650045,0.972,6,396167082,11650045,1.00000,272.0450,0.0131039,0.233476,0.517812,0.133579,0.895502
2026-08-17T22:50:11+02:00,yoann-Precision-5490,Intel(R) Core(TM) Ultra 7 165H,sklib-0.15.0,yeast,63,31,1,union,compact,1.0,1.0000,11650045,0.452,6,23439736,687476,0.05901,16.0959,0.0122846,0.0881855,0.33095,0.0119538,0.443359
2026-08-17T22:50:11+02:00,yoann-Precision-5490,Intel(R) Core(TM) Ultra 7 165H,sklib-0.15.0,yeast,63,31,1,diffab,size,1.0,1.0000,0,0.026,6,NA,NA,NA,NA,NA,NA,NA,NA,NA
2026-08-17T22:50:11+02:00,yoann-Precision-5490,Intel(R) Core(TM) Ultra 7 165H,sklib-0.15.0,yeast,63,31,1,diffab,nocompact,1.0,1.0000,0,0.022,6,65552,0,NA,NA,0.00920579,0.00581509,5.7803e-05,0.000179884,0.0152586
2026-08-17T22:50:11+02:00,yoann-Precision-5490,Intel(R) Core(TM) Ultra 7 165H,sklib-0.15.0,yeast,63,31,1,diffab,compact,1.0,1.0000,0,0.022,6,65552,0,NA,NA,0.00912049,0.00564425,5.4899e-05,0.000177356,0.0149771
2026-08-17T22:50:11+02:00,yoann-Precision-5490,Intel(R) Core(TM) Ultra 7 165H,sklib-0.15.0,yeast,63,31,1,diffba,size,1.0,1.0000,0,0.028,5,NA,NA,NA,NA,NA,NA,NA,NA,NA
2026-08-17T22:50:12+02:00,yoann-Precision-5490,Intel(R) Core(TM) Ultra 7 165H,sklib-0.15.0,yeast,63,31,1,diffba,nocompact,1.0,1.0000,0,0.023,6,65552,0,NA,NA,0.00962575,0.00633049,6.0843e-05,0.000196193,0.0161725
2026-08-17T22:50:12+02:00,yoann-Precision-5490,Intel(R) Core(TM) Ultra 7 165H,sklib-0.15.0,yeast,63,31,1,diffba,compact,1.0,1.0000,0,0.022,6,65552,0,NA,NA,0.00928479,0.00591424,5.7718e-05,0.000177748,0.015435
2026-08-17T22:50:12+02:00,yoann-Precision-5490,Intel(R) Core(TM) Ultra 7 165H,sklib-0.15.0,yeast,63,31,8,inter,size,1.0,1.0000,11650045,0.014,6,NA,NA,NA,NA,NA,NA,NA,NA,NA
2026-08-17T22:50:13+02:00,yoann-Precision-5490,Intel(R) Core(TM) Ultra 7 165H,sklib-0.15.0,yeast,63,31,8,inter,nocompact,1.0,1.0000,11650045,0.306,11,396167082,11650045,1.00000,272.0450,NA,NA,NA,NA,NA
2026-08-17T22:50:13+02:00,yoann-Precision-5490,Intel(R) Core(TM) Ultra 7 165H,sklib-0.15.0,yeast,63,31,8,inter,compact,1.0,1.0000,11650045,0.119,8,23439736,687476,0.05901,16.0959,NA,NA,NA,NA,NA
2026-08-17T22:50:13+02:00,yoann-Precision-5490,Intel(R) Core(TM) Ultra 7 165H,sklib-0.15.0,yeast,63,31,8,union,size,1.0,1.0000,11650045,0.015,6,NA,NA,NA,NA,NA,NA,NA,NA,NA
2026-08-17T22:50:14+02:00,yoann-Precision-5490,Intel(R) Core(TM) Ultra 7 165H,sklib-0.15.0,yeast,63,31,8,union,nocompact,1.0,1.0000,11650045,0.294,11,396167082,11650045,1.00000,272.0450,NA,NA,NA,NA,NA
2026-08-17T22:50:15+02:00,yoann-Precision-5490,Intel(R) Core(TM) Ultra 7 165H,sklib-0.15.0,yeast,63,31,8,union,compact,1.0,1.0000,11650045,0.116,9,23439736,687476,0.05901,16.0959,NA,NA,NA,NA,NA
2026-08-17T22:50:15+02:00,yoann-Precision-5490,Intel(R) Core(TM) Ultra 7 165H,sklib-0.15.0,yeast,63,31,8,diffab,size,1.0,1.0000,0,0.016,6,NA,NA,NA,NA,NA,NA,NA,NA,NA
2026-08-17T22:50:15+02:00,yoann-Precision-5490,Intel(R) Core(TM) Ultra 7 165H,sklib-0.15.0,yeast,63,31,8,diffab,nocompact,1.0,1.0000,0,0.012,6,65552,0,NA,NA,NA,NA,NA,NA,NA
2026-08-17T22:50:15+02:00,yoann-Precision-5490,Intel(R) Core(TM) Ultra 7 165H,sklib-0.15.0,yeast,63,31,8,diffab,compact,1.0,1.0000,0,0.014,6,65552,0,NA,NA,NA,NA,NA,NA,NA
2026-08-17T22:50:15+02:00,yoann-Precision-5490,Intel(R) Core(TM) Ultra 7 165H,sklib-0.15.0,yeast,63,31,8,diffba,size,1.0,1.0000,0,0.016,6,NA,NA,NA,NA,NA,NA,NA,NA,NA
2026-08-17T22:50:15+02:00,yoann-Precision-5490,Intel(R) Core(TM) Ultra 7 165H,sklib-0.15.0,yeast,63,31,8,diffba,nocompact,1.0,1.0000,0,0.012,6,65552,0,NA,NA,NA,NA,NA,NA,NA
2026-08-17T22:50:15+02:00,yoann-Precision-5490,Intel(R) Core(TM) Ultra 7 165H,sklib-0.15.0,yeast,63,31,8,diffba,compact,1.0,1.0000,0,0.012,6,65552,0,NA,NA,NA,NA,NA,NA,NA
2026-08-17T22:50:23+02:00,yoann-Precision-5490,Intel(R) Core(TM) Ultra 7 165H,sklib-0.15.0,celegans,31,15,1,inter,size,0,0.0000,0,1.352,6,NA,NA,NA,NA,NA,NA,NA,NA,NA
2026-08-17T22:50:27+02:00,yoann-Precision-5490,Intel(R) Core(TM) Ultra 7 165H,sklib-0.15.0,celegans,31,15,1,inter,nocompact,0,0.0000,0,1.509,6,65552,0,NA,NA,0.0503798,1.45028,7.9226e-05,0.000327375,1.50123
2026-08-17T22:50:32+02:00,yoann-Precision-5490,Intel(R) Core(TM) Ultra 7 165H,sklib-0.15.0,celegans,31,15,1,inter,compact,0,0.0000,0,1.434,6,65552,0,NA,NA,0.0516718,1.37621,7.311e-05,0.000322162,1.42602
2026-08-17T22:50:36+02:00,yoann-Precision-5490,Intel(R) Core(TM) Ultra 7 165H,sklib-0.15.0,celegans,31,15,1,union,size,0,0.0000,194293088,1.312,6,NA,NA,NA,NA,NA,NA,NA,NA,NA
2026-08-17T22:51:06+02:00,yoann-Precision-5490,Intel(R) Core(TM) Ultra 7 165H,sklib-0.15.0,celegans,31,15,1,union,nocompact,0,0.0000,194293088,10.129,10,3497341136,194293088,1.00000,144.0027,0.066899,2.2251,6.13318,0.974861,9.39877
2026-08-17T22:51:30+02:00,yoann-Precision-5490,Intel(R) Core(TM) Ultra 7 165H,sklib-0.15.0,celegans,31,15,1,union,compact,0,0.0000,194293088,7.767,11,413452328,22965932,0.11820,17.0239,0.0607629,1.71194,5.72289,0.1445,7.64174
2026-08-17T22:51:33+02:00,yoann-Precision-5490,Intel(R) Core(TM) Ultra 7 165H,sklib-0.15.0,celegans,31,15,1,diffab,size,0,0.0000,94006897,1.290,6,NA,NA,NA,NA,NA,NA,NA,NA,NA
2026-08-17T22:51:50+02:00,yoann-Precision-5490,Intel(R) Core(TM) Ultra 7 165H,sklib-0.15.0,celegans,31,15,1,diffab,nocompact,0,0.0000,94006897,5.523,8,1692189698,94006897,1.00000,144.0056,0.0629336,1.75721,2.90127,0.472191,5.21145
2026-08-17T22:52:04+02:00,yoann-Precision-5490,Intel(R) Core(TM) Ultra 7 165H,sklib-0.15.0,celegans,31,15,1,diffab,compact,0,0.0000,94006897,4.625,9,207553046,11527083,0.12262,17.6628,0.0576351,1.58562,2.83293,0.0862648,4.56091
2026-08-17T22:52:08+02:00,yoann-Precision-5490,Intel(R) Core(TM) Ultra 7 165H,sklib-0.15.0,celegans,31,15,1,diffba,size,0,0.0000,100286191,1.252,6,NA,NA,NA,NA,NA,NA,NA,NA,NA
2026-08-17T22:52:27+02:00,yoann-Precision-5490,Intel(R) Core(TM) Ultra 7 165H,sklib-0.15.0,celegans,31,15,1,diffba,nocompact,0,0.0000,100286191,6.490,7,1805216990,100286191,1.00000,144.0052,0.0704539,2.36903,3.06671,0.605571,6.10717
2026-08-17T22:52:41+02:00,yoann-Precision-5490,Intel(R) Core(TM) Ultra 7 165H,sklib-0.15.0,celegans,31,15,1,diffba,compact,0,0.0000,100286191,4.535,8,203348336,11293488,0.11261,16.2214,0.063524,1.55221,2.75563,0.0881182,4.45948
2026-08-17T22:52:42+02:00,yoann-Precision-5490,Intel(R) Core(TM) Ultra 7 165H,sklib-0.15.0,celegans,31,15,8,inter,size,0,0.0000,0,0.215,10,NA,NA,NA,NA,NA,NA,NA,NA,NA
2026-08-17T22:52:42+02:00,yoann-Precision-5490,Intel(R) Core(TM) Ultra 7 165H,sklib-0.15.0,celegans,31,15,8,inter,nocompact,0,0.0000,0,0.234,10,65552,0,NA,NA,NA,NA,NA,NA,NA
2026-08-17T22:52:43+02:00,yoann-Precision-5490,Intel(R) Core(TM) Ultra 7 165H,sklib-0.15.0,celegans,31,15,8,inter,compact,0,0.0000,0,0.231,9,65552,0,NA,NA,NA,NA,NA,NA,NA
2026-08-17T22:52:44+02:00,yoann-Precision-5490,Intel(R) Core(TM) Ultra 7 165H,sklib-0.15.0,celegans,31,15,8,union,size,0,0.0000,194293088,0.222,10,NA,NA,NA,NA,NA,NA,NA,NA,NA
2026-08-17T22:52:52+02:00,yoann-Precision-5490,Intel(R) Core(TM) Ultra 7 165H,sklib-0.15.0,celegans,31,15,8,union,nocompact,0,0.0000,194293088,2.667,46,3497341136,194293088,1.00000,144.0027,NA,NA,NA,NA,NA
2026-08-17T22:52:57+02:00,yoann-Precision-5490,Intel(R) Core(TM) Ultra 7 165H,sklib-0.15.0,celegans,31,15,8,union,compact,0,0.0000,194293088,1.918,34,413452328,22965932,0.11820,17.0239,NA,NA,NA,NA,NA
2026-08-17T22:52:58+02:00,yoann-Precision-5490,Intel(R) Core(TM) Ultra 7 165H,sklib-0.15.0,celegans,31,15,8,diffab,size,0,0.0000,94006897,0.240,10,NA,NA,NA,NA,NA,NA,NA,NA,NA
2026-08-17T22:53:02+02:00,yoann-Precision-5490,Intel(R) Core(TM) Ultra 7 165H,sklib-0.15.0,celegans,31,15,8,diffab,nocompact,0,0.0000,94006897,1.465,28,1692189698,94006897,1.00000,144.0056,NA,NA,NA,NA,NA
2026-08-17T22:53:06+02:00,yoann-Precision-5490,Intel(R) Core(TM) Ultra 7 165H,sklib-0.15.0,celegans,31,15,8,diffab,compact,0,0.0000,94006897,1.087,25,207553046,11527083,0.12262,17.6628,NA,NA,NA,NA,NA
2026-08-17T22:53:07+02:00,yoann-Precision-5490,Intel(R) Core(TM) Ultra 7 165H,sklib-0.15.0,celegans,31,15,8,diffba,size,0,0.0000,100286191,0.241,10,NA,NA,NA,NA,NA,NA,NA,NA,NA
2026-08-17T22:53:11+02:00,yoann-Precision-5490,Intel(R) Core(TM) Ultra 7 165H,sklib-0.15.0,celegans,31,15,8,diffba,nocompact,0,0.0000,100286191,1.612,28,1805216990,100286191,1.00000,144.0052,NA,NA,NA,NA,NA
2026-08-17T22:53:15+02:00,yoann-Precision-5490,Intel(R) Core(TM) Ultra 7 165H,sklib-0.15.0,celegans,31,15,8,diffba,compact,0,0.0000,100286191,1.139,21,203348336,11293488,0.11261,16.2214,NA,NA,NA,NA,NA
2026-08-17T22:53:21+02:00,yoann-Precision-5490,Intel(R) Core(TM) Ultra 7 165H,sklib-0.15.0,celegans,31,15,1,inter,size,0.1,0.1010,17757161,1.444,6,NA,NA,NA,NA,NA,NA,NA,NA,NA
2026-08-17T22:53:28+02:00,yoann-Precision-5490,Intel(R) Core(TM) Ultra 7 165H,sklib-0.15.0,celegans,31,15,1,inter,nocompact,0.1,0.1010,17757161,2.296,6,319694450,17757161,1.00000,144.0295,0.0590956,1.49215,0.523255,0.114824,2.19014
2026-08-17T22:53:35+02:00,yoann-Precision-5490,Intel(R) Core(TM) Ultra 7 165H,sklib-0.15.0,celegans,31,15,1,inter,compact,0.1,0.1010,17757161,2.141,7,52125800,2892236,0.16288,23.4838,0.0529827,1.45643,0.570593,0.0274175,2.11144
2026-08-17T22:53:39+02:00,yoann-Precision-5490,Intel(R) Core(TM) Ultra 7 165H,sklib-0.15.0,celegans,31,15,1,union,size,0.1,0.1010,175827341,1.329,6,NA,NA,NA,NA,NA,NA,NA,NA,NA
2026-08-17T22:54:06+02:00,yoann-Precision-5490,Intel(R) Core(TM) Ultra 7 165H,sklib-0.15.0,celegans,31,15,1,union,nocompact,0.1,0.1010,175827341,9.064,10,3164957690,175827341,1.00000,144.0030,0.0685393,1.95501,5.59615,0.845208,8.46404
2026-08-17T22:54:29+02:00,yoann-Precision-5490,Intel(R) Core(TM) Ultra 7 165H,sklib-0.15.0,celegans,31,15,1,union,compact,0.1,0.1010,175827341,7.804,11,405981122,22550865,0.12826,18.4718,0.0649146,1.77252,5.69556,0.149625,7.69187
2026-08-17T22:54:33+02:00,yoann-Precision-5490,Intel(R) Core(TM) Ultra 7 165H,sklib-0.15.0,celegans,31,15,1,diffab,size,0.1,0.1010,76249736,1.384,6,NA,NA,NA,NA,NA,NA,NA,NA,NA
2026-08-17T22:54:49+02:00,yoann-Precision-5490,Intel(R) Core(TM) Ultra 7 165H,sklib-0.15.0,celegans,31,15,1,diffab,nocompact,0.1,0.1010,76249736,4.889,8,1372560800,76249736,1.00000,144.0069,0.0640716,1.75367,2.37852,0.402918,4.59956
2026-08-17T22:55:01+02:00,yoann-Precision-5490,Intel(R) Core(TM) Ultra 7 165H,sklib-0.15.0,celegans,31,15,1,diffab,compact,0.1,0.1010,76249736,4.037,8,181708520,10091276,0.13235,19.0646,0.0638332,1.56005,2.2692,0.080653,3.97247
2026-08-17T22:55:05+02:00,yoann-Precision-5490,Intel(R) Core(TM) Ultra 7 165H,sklib-0.15.0,celegans,31,15,1,diffba,size,0.1,0.1010,81820444,1.295,6,NA,NA,NA,NA,NA,NA,NA,NA,NA
2026-08-17T22:55:22+02:00,yoann-Precision-5490,Intel(R) Core(TM) Ultra 7 165H,sklib-0.15.0,celegans,31,15,1,diffba,nocompact,0.1,0.1010,81820444,5.822,7,1472833544,81820444,1.00000,144.0064,0.0713058,2.34601,2.53848,0.528197,5.484
2026-08-17T22:55:35+02:00,yoann-Precision-5490,Intel(R) Core(TM) Ultra 7 165H,sklib-0.15.0,celegans,31,15,1,diffba,compact,0.1,0.1010,81820444,4.117,8,189051602,10499225,0.12832,18.4845,0.0592363,1.59135,2.37271,0.0768993,4.10872
2026-08-17T22:55:35+02:00,yoann-Precision-5490,Intel(R) Core(TM) Ultra 7 165H,sklib-0.15.0,celegans,31,15,8,inter,size,0.1,0.1010,17757161,0.229,10,NA,NA,NA,NA,NA,NA,NA,NA,NA
2026-08-17T22:55:37+02:00,yoann-Precision-5490,Intel(R) Core(TM) Ultra 7 165H,sklib-0.15.0,celegans,31,15,8,inter,nocompact,0.1,0.1010,17757161,0.450,14,319694450,17757161,1.00000,144.0295,NA,NA,NA,NA,NA
2026-08-17T22:55:38+02:00,yoann-Precision-5490,Intel(R) Core(TM) Ultra 7 165H,sklib-0.15.0,celegans,31,15,8,inter,compact,0.1,0.1010,17757161,0.412,12,52125800,2892236,0.16288,23.4838,NA,NA,NA,NA,NA
2026-08-17T22:55:39+02:00,yoann-Precision-5490,Intel(R) Core(TM) Ultra 7 165H,sklib-0.15.0,celegans,31,15,8,union,size,0.1,0.1010,175827341,0.236,10,NA,NA,NA,NA,NA,NA,NA,NA,NA
2026-08-17T22:55:46+02:00,yoann-Precision-5490,Intel(R) Core(TM) Ultra 7 165H,sklib-0.15.0,celegans,31,15,8,union,nocompact,0.1,0.1010,175827341,2.644,45,3164957690,175827341,1.00000,144.0030,NA,NA,NA,NA,NA
2026-08-17T22:55:52+02:00,yoann-Precision-5490,Intel(R) Core(TM) Ultra 7 165H,sklib-0.15.0,celegans,31,15,8,union,compact,0.1,0.1010,175827341,1.814,36,405981122,22550865,0.12826,18.4718,NA,NA,NA,NA,NA
2026-08-17T22:55:53+02:00,yoann-Precision-5490,Intel(R) Core(TM) Ultra 7 165H,sklib-0.15.0,celegans,31,15,8,diffab,size,0.1,0.1010,76249736,0.249,10,NA,NA,NA,NA,NA,NA,NA,NA,NA
2026-08-17T22:55:56+02:00,yoann-Precision-5490,Intel(R) Core(TM) Ultra 7 165H,sklib-0.15.0,celegans,31,15,8,diffab,nocompact,0.1,0.1010,76249736,1.265,27,1372560800,76249736,1.00000,144.0069,NA,NA,NA,NA,NA
2026-08-17T22:55:59+02:00,yoann-Precision-5490,Intel(R) Core(TM) Ultra 7 165H,sklib-0.15.0,celegans,31,15,8,diffab,compact,0.1,0.1010,76249736,0.950,22,181708520,10091276,0.13235,19.0646,NA,NA,NA,NA,NA
2026-08-17T22:56:00+02:00,yoann-Precision-5490,Intel(R) Core(TM) Ultra 7 165H,sklib-0.15.0,celegans,31,15,8,diffba,size,0.1,0.1010,81820444,0.257,10,NA,NA,NA,NA,NA,NA,NA,NA,NA
2026-08-17T22:56:04+02:00,yoann-Precision-5490,Intel(R) Core(TM) Ultra 7 165H,sklib-0.15.0,celegans,31,15,8,diffba,nocompact,0.1,0.1010,81820444,1.333,26,1472833544,81820444,1.00000,144.0064,NA,NA,NA,NA,NA
2026-08-17T22:56:07+02:00,yoann-Precision-5490,Intel(R) Core(TM) Ultra 7 165H,sklib-0.15.0,celegans,31,15,8,diffba,compact,0.1,0.1010,81820444,1.007,21,189051602,10499225,0.12832,18.4845,NA,NA,NA,NA,NA
2026-08-17T22:56:13+02:00,yoann-Precision-5490,Intel(R) Core(TM) Ultra 7 165H,sklib-0.15.0,celegans,31,15,1,inter,size,0.3,0.2992,44206552,1.245,6,NA,NA,NA,NA,NA,NA,NA,NA,NA
2026-08-17T22:56:23+02:00,yoann-Precision-5490,Intel(R) Core(TM) Ultra 7 165H,sklib-0.15.0,celegans,31,15,1,inter,nocompact,0.3,0.2992,44206552,3.344,7,795783488,44206552,1.00000,144.0119,0.0596529,1.52847,1.38534,0.23235,3.20621
2026-08-17T22:56:32+02:00,yoann-Precision-5490,Intel(R) Core(TM) Ultra 7 165H,sklib-0.15.0,celegans,31,15,1,inter,compact,0.3,0.2992,44206552,3.024,7,111660800,6199736,0.14024,20.2071,0.055672,1.50976,1.36696,0.0505192,2.98343
2026-08-17T22:56:36+02:00,yoann-Precision-5490,Intel(R) Core(TM) Ultra 7 165H,sklib-0.15.0,celegans,31,15,1,union,size,0.3,0.2992,147741365,1.212,6,NA,NA,NA,NA,NA,NA,NA,NA,NA
2026-08-17T22:56:59+02:00,yoann-Precision-5490,Intel(R) Core(TM) Ultra 7 165H,sklib-0.15.0,celegans,31,15,1,union,nocompact,0.3,0.2992,147741365,7.658,9,2659410122,147741365,1.00000,144.0035,0.0673722,1.83051,4.71397,0.703079,7.31275
2026-08-17T22:57:19+02:00,yoann-Precision-5490,Intel(R) Core(TM) Ultra 7 165H,sklib-0.15.0,celegans,31,15,1,union,compact,0.3,0.2992,147741365,6.569,9,343591466,19084773,0.12918,18.6050,0.0633583,1.60039,4.68643,0.125087,6.475
2026-08-17T22:57:23+02:00,yoann-Precision-5490,Intel(R) Core(TM) Ultra 7 165H,sklib-0.15.0,celegans,31,15,1,diffab,size,0.3,0.2992,49800345,1.181,6,NA,NA,NA,NA,NA,NA,NA,NA,NA
2026-08-17T22:57:33+02:00,yoann-Precision-5490,Intel(R) Core(TM) Ultra 7 165H,sklib-0.15.0,celegans,31,15,1,diffab,nocompact,0.3,0.2992,49800345,3.328,7,896471762,49800345,1.00000,144.0105,0.0557761,1.34334,1.50006,0.245844,3.14577
2026-08-17T22:57:42+02:00,yoann-Precision-5490,Intel(R) Core(TM) Ultra 7 165H,sklib-0.15.0,celegans,31,15,1,diffab,compact,0.3,0.2992,49800345,2.935,8,124291742,6901455,0.13858,19.9664,0.0525536,1.29825,1.4682,0.052579,2.87364
2026-08-17T22:57:45+02:00,yoann-Precision-5490,Intel(R) Core(TM) Ultra 7 165H,sklib-0.15.0,celegans,31,15,1,diffba,size,0.3,0.2992,53734468,1.187,6,NA,NA,NA,NA,NA,NA,NA,NA,NA
2026-08-17T22:57:56+02:00,yoann-Precision-5490,Intel(R) Core(TM) Ultra 7 165H,sklib-0.15.0,celegans,31,15,1,diffba,nocompact,0.3,0.2992,53734468,3.578,7,967285976,53734468,1.00000,144.0098,0.0560017,1.47093,1.6982,0.273285,3.50332
2026-08-17T22:58:06+02:00,yoann-Precision-5490,Intel(R) Core(TM) Ultra 7 165H,sklib-0.15.0,celegans,31,15,1,diffba,compact,0.3,0.2992,53734468,3.079,7,131141444,7281994,0.13552,19.5244,0.05422,1.34286,1.61974,0.0556729,3.0725
2026-08-17T22:58:06+02:00,yoann-Precision-5490,Intel(R) Core(TM) Ultra 7 165H,sklib-0.15.0,celegans,31,15,8,inter,size,0.3,0.2992,44206552,0.200,10,NA,NA,NA,NA,NA,NA,NA,NA,NA
2026-08-17T22:58:09+02:00,yoann-Precision-5490,Intel(R) Core(TM) Ultra 7 165H,sklib-0.15.0,celegans,31,15,8,inter,nocompact,0.3,0.2992,44206552,0.787,20,795783488,44206552,1.00000,144.0119,NA,NA,NA,NA,NA
2026-08-17T22:58:11+02:00,yoann-Precision-5490,Intel(R) Core(TM) Ultra 7 165H,sklib-0.15.0,celegans,31,15,8,inter,compact,0.3,0.2992,44206552,0.616,17,111660800,6199736,0.14024,20.2071,NA,NA,NA,NA,NA
2026-08-17T22:58:11+02:00,yoann-Precision-5490,Intel(R) Core(TM) Ultra 7 165H,sklib-0.15.0,celegans,31,15,8,union,size,0.3,0.2992,147741365,0.209,10,NA,NA,NA,NA,NA,NA,NA,NA,NA
2026-08-17T22:58:17+02:00,yoann-Precision-5490,Intel(R) Core(TM) Ultra 7 165H,sklib-0.15.0,celegans,31,15,8,union,nocompact,0.3,0.2992,147741365,2.160,40,2659410122,147741365,1.00000,144.0035,NA,NA,NA,NA,NA
2026-08-17T22:58:22+02:00,yoann-Precision-5490,Intel(R) Core(TM) Ultra 7 165H,sklib-0.15.0,celegans,31,15,8,union,compact,0.3,0.2992,147741365,1.582,31,343591466,19084773,0.12918,18.6050,NA,NA,NA,NA,NA
2026-08-17T22:58:23+02:00,yoann-Precision-5490,Intel(R) Core(TM) Ultra 7 165H,sklib-0.15.0,celegans,31,15,8,diffab,size,0.3,0.2992,49800345,0.222,10,NA,NA,NA,NA,NA,NA,NA,NA,NA
2026-08-17T22:58:25+02:00,yoann-Precision-5490,Intel(R) Core(TM) Ultra 7 165H,sklib-0.15.0,celegans,31,15,8,diffab,nocompact,0.3,0.2992,49800345,0.886,19,896471762,49800345,1.00000,144.0105,NA,NA,NA,NA,NA
2026-08-17T22:58:28+02:00,yoann-Precision-5490,Intel(R) Core(TM) Ultra 7 165H,sklib-0.15.0,celegans,31,15,8,diffab,compact,0.3,0.2992,49800345,0.728,17,124291742,6901455,0.13858,19.9664,NA,NA,NA,NA,NA
2026-08-17T22:58:28+02:00,yoann-Precision-5490,Intel(R) Core(TM) Ultra 7 165H,sklib-0.15.0,celegans,31,15,8,diffba,size,0.3,0.2992,53734468,0.224,10,NA,NA,NA,NA,NA,NA,NA,NA,NA
2026-08-17T22:58:31+02:00,yoann-Precision-5490,Intel(R) Core(TM) Ultra 7 165H,sklib-0.15.0,celegans,31,15,8,diffba,nocompact,0.3,0.2992,53734468,0.940,19,967285976,53734468,1.00000,144.0098,NA,NA,NA,NA,NA
2026-08-17T22:58:34+02:00,yoann-Precision-5490,Intel(R) Core(TM) Ultra 7 165H,sklib-0.15.0,celegans,31,15,8,diffba,compact,0.3,0.2992,53734468,0.719,17,131141444,7281994,0.13552,19.5244,NA,NA,NA,NA,NA
2026-08-17T22:58:38+02:00,yoann-Precision-5490,Intel(R) Core(TM) Ultra 7 165H,sklib-0.15.0,celegans,31,15,1,inter,size,0.5,0.4975,63313720,0.982,6,NA,NA,NA,NA,NA,NA,NA,NA,NA
2026-08-17T22:58:51+02:00,yoann-Precision-5490,Intel(R) Core(TM) Ultra 7 165H,sklib-0.15.0,celegans,31,15,1,inter,nocompact,0.5,0.4975,63313720,3.978,7,1139712512,63313720,1.00000,144.0083,0.0615281,1.43131,2.05431,0.341464,3.88752
2026-08-17T22:59:01+02:00,yoann-Precision-5490,Intel(R) Core(TM) Ultra 7 165H,sklib-0.15.0,celegans,31,15,1,inter,compact,0.5,0.4975,63313720,3.333,8,150153998,8338247,0.13170,18.9727,0.0580022,1.21388,1.94279,0.0652122,3.28058
2026-08-17T22:59:04+02:00,yoann-Precision-5490,Intel(R) Core(TM) Ultra 7 165H,sklib-0.15.0,celegans,31,15,1,union,size,0.5,0.4975,127254646,0.966,6,NA,NA,NA,NA,NA,NA,NA,NA,NA
2026-08-17T22:59:24+02:00,yoann-Precision-5490,Intel(R) Core(TM) Ultra 7 165H,sklib-0.15.0,celegans,31,15,1,union,nocompact,0.5,0.4975,127254646,6.794,9,2290649180,127254646,1.00000,144.0041,0.0641454,1.64134,4.02023,0.657139,6.3864
2026-08-17T22:59:41+02:00,yoann-Precision-5490,Intel(R) Core(TM) Ultra 7 165H,sklib-0.15.0,celegans,31,15,1,union,compact,0.5,0.4975,127254646,5.667,10,293311886,16291463,0.12802,18.4394,0.0642277,1.29453,4.16442,0.117793,5.62591
2026-08-17T22:59:44+02:00,yoann-Precision-5490,Intel(R) Core(TM) Ultra 7 165H,sklib-0.15.0,celegans,31,15,1,diffab,size,0.5,0.4975,30693177,0.912,6,NA,NA,NA,NA,NA,NA,NA,NA,NA
2026-08-17T22:59:51+02:00,yoann-Precision-5490,Intel(R) Core(TM) Ultra 7 165H,sklib-0.15.0,celegans,31,15,1,diffab,nocompact,0.5,0.4975,30693177,2.330,7,552542738,30693177,1.00000,144.0171,0.0549267,1.03884,0.930006,0.162612,2.18391
2026-08-17T22:59:57+02:00,yoann-Precision-5490,Intel(R) Core(TM) Ultra 7 165H,sklib-0.15.0,celegans,31,15,1,diffab,compact,0.5,0.4975,30693177,2.022,7,78025784,4331124,0.14111,20.3370,0.0521461,0.974986,0.913835,0.0375132,1.97707
2026-08-17T23:00:00+02:00,yoann-Precision-5490,Intel(R) Core(TM) Ultra 7 165H,sklib-0.15.0,celegans,31,15,1,diffba,size,0.5,0.4975,33247749,0.948,6,NA,NA,NA,NA,NA,NA,NA,NA,NA
2026-08-17T23:00:08+02:00,yoann-Precision-5490,Intel(R) Core(TM) Ultra 7 165H,sklib-0.15.0,celegans,31,15,1,diffba,nocompact,0.5,0.4975,33247749,2.447,6,598525034,33247749,1.00000,144.0158,0.0511633,1.06842,0.988595,0.181698,2.2855
2026-08-17T23:00:14+02:00,yoann-Precision-5490,Intel(R) Core(TM) Ultra 7 165H,sklib-0.15.0,celegans,31,15,1,diffba,compact,0.5,0.4975,33247749,2.191,7,82945598,4604447,0.13849,19.9582,0.0542793,1.03057,1.02932,0.0398056,2.15439
2026-08-17T23:00:15+02:00,yoann-Precision-5490,Intel(R) Core(TM) Ultra 7 165H,sklib-0.15.0,celegans,31,15,8,inter,size,0.5,0.4975,63313720,0.160,10,NA,NA,NA,NA,NA,NA,NA,NA,NA
2026-08-17T23:00:18+02:00,yoann-Precision-5490,Intel(R) Core(TM) Ultra 7 165H,sklib-0.15.0,celegans,31,15,8,inter,nocompact,0.5,0.4975,63313720,0.998,22,1139712512,63313720,1.00000,144.0083,NA,NA,NA,NA,NA
2026-08-17T23:00:20+02:00,yoann-Precision-5490,Intel(R) Core(TM) Ultra 7 165H,sklib-0.15.0,celegans,31,15,8,inter,compact,0.5,0.4975,63313720,0.760,20,150153998,8338247,0.13170,18.9727,NA,NA,NA,NA,NA
2026-08-17T23:00:21+02:00,yoann-Precision-5490,Intel(R) Core(TM) Ultra 7 165H,sklib-0.15.0,celegans,31,15,8,union,size,0.5,0.4975,127254646,0.164,9,NA,NA,NA,NA,NA,NA,NA,NA,NA
2026-08-17T23:00:26+02:00,yoann-Precision-5490,Intel(R) Core(TM) Ultra 7 165H,sklib-0.15.0,celegans,31,15,8,union,nocompact,0.5,0.4975,127254646,1.874,36,2290649180,127254646,1.00000,144.0041,NA,NA,NA,NA,NA
2026-08-17T23:00:30+02:00,yoann-Precision-5490,Intel(R) Core(TM) Ultra 7 165H,sklib-0.15.0,celegans,31,15,8,union,compact,0.5,0.4975,127254646,1.355,30,293311886,16291463,0.12802,18.4394,NA,NA,NA,NA,NA
2026-08-17T23:00:31+02:00,yoann-Precision-5490,Intel(R) Core(TM) Ultra 7 165H,sklib-0.15.0,celegans,31,15,8,diffab,size,0.5,0.4975,30693177,0.174,9,NA,NA,NA,NA,NA,NA,NA,NA,NA
2026-08-17T23:00:32+02:00,yoann-Precision-5490,Intel(R) Core(TM) Ultra 7 165H,sklib-0.15.0,celegans,31,15,8,diffab,nocompact,0.5,0.4975,30693177,0.549,15,552542738,30693177,1.00000,144.0171,NA,NA,NA,NA,NA
2026-08-17T23:00:34+02:00,yoann-Precision-5490,Intel(R) Core(TM) Ultra 7 165H,sklib-0.15.0,celegans,31,15,8,diffab,compact,0.5,0.4975,30693177,0.459,14,78025784,4331124,0.14111,20.3370,NA,NA,NA,NA,NA
2026-08-17T23:00:34+02:00,yoann-Precision-5490,Intel(R) Core(TM) Ultra 7 165H,sklib-0.15.0,celegans,31,15,8,diffba,size,0.5,0.4975,33247749,0.172,9,NA,NA,NA,NA,NA,NA,NA,NA,NA
2026-08-17T23:00:36+02:00,yoann-Precision-5490,Intel(R) Core(TM) Ultra 7 165H,sklib-0.15.0,celegans,31,15,8,diffba,nocompact,0.5,0.4975,33247749,0.634,15,598525034,33247749,1.00000,144.0158,NA,NA,NA,NA,NA
2026-08-17T23:00:38+02:00,yoann-Precision-5490,Intel(R) Core(TM) Ultra 7 165H,sklib-0.15.0,celegans,31,15,8,diffba,compact,0.5,0.4975,33247749,0.478,13,82945598,4604447,0.13849,19.9582,NA,NA,NA,NA,NA
2026-08-17T23:00:41+02:00,yoann-Precision-5490,Intel(R) Core(TM) Ultra 7 165H,sklib-0.15.0,celegans,31,15,1,inter,size,0.7,0.6966,77774108,0.631,6,NA,NA,NA,NA,NA,NA,NA,NA,NA
2026-08-17T23:00:55+02:00,yoann-Precision-5490,Intel(R) Core(TM) Ultra 7 165H,sklib-0.15.0,celegans,31,15,1,inter,nocompact,0.7,0.6966,77774108,4.411,8,1399999496,77774108,1.00000,144.0067,0.0637436,1.19957,2.47048,0.41328,4.16169
2026-08-17T23:01:05+02:00,yoann-Precision-5490,Intel(R) Core(TM) Ultra 7 165H,sklib-0.15.0,celegans,31,15,1,inter,compact,0.7,0.6966,77774108,3.530,8,177728054,9870139,0.12691,18.2815,0.0604218,0.993079,2.3616,0.0753936,3.49049
2026-08-17T23:01:07+02:00,yoann-Precision-5490,Intel(R) Core(TM) Ultra 7 165H,sklib-0.15.0,celegans,31,15,1,union,size,0.7,0.6966,111649426,0.588,6,NA,NA,NA,NA,NA,NA,NA,NA,NA
2026-08-17T23:01:24+02:00,yoann-Precision-5490,Intel(R) Core(TM) Ultra 7 165H,sklib-0.15.0,celegans,31,15,1,union,nocompact,0.7,0.6966,111649426,5.644,8,2009755220,111649426,1.00000,144.0047,0.0649265,1.12366,3.45392,0.542686,5.1827
2026-08-17T23:01:39+02:00,yoann-Precision-5490,Intel(R) Core(TM) Ultra 7 165H,sklib-0.15.0,celegans,31,15,1,union,compact,0.7,0.6966,111649426,4.846,9,253587956,14084578,0.12615,18.1703,0.0632179,1.00448,3.57543,0.104724,4.75097
2026-08-17T23:01:40+02:00,yoann-Precision-5490,Intel(R) Core(TM) Ultra 7 165H,sklib-0.15.0,celegans,31,15,1,diffab,size,0.7,0.6966,16232789,0.600,6,NA,NA,NA,NA,NA,NA,NA,NA,NA
2026-08-17T23:01:45+02:00,yoann-Precision-5490,Intel(R) Core(TM) Ultra 7 165H,sklib-0.15.0,celegans,31,15,1,diffab,nocompact,0.7,0.6966,16232789,1.362,6,292255754,16232789,1.00000,144.0323,0.0467796,0.652101,0.481672,0.0914151,1.27238
2026-08-17T23:01:48+02:00,yoann-Precision-5490,Intel(R) Core(TM) Ultra 7 165H,sklib-0.15.0,celegans,31,15,1,diffab,compact,0.7,0.6966,16232789,1.162,6,41628308,2309042,0.14225,20.5157,0.0461928,0.594514,0.482781,0.0195566,1.14699
2026-08-17T23:01:50+02:00,yoann-Precision-5490,Intel(R) Core(TM) Ultra 7 165H,sklib-0.15.0,celegans,31,15,1,diffba,size,0.7,0.6966,17642529,0.608,6,NA,NA,NA,NA,NA,NA,NA,NA,NA
2026-08-17T23:01:54+02:00,yoann-Precision-5490,Intel(R) Core(TM) Ultra 7 165H,sklib-0.15.0,celegans,31,15,1,diffba,nocompact,0.7,0.6966,17642529,1.361,6,317631074,17642529,1.00000,144.0297,0.0463194,0.629452,0.502886,0.0928315,1.272
2026-08-17T23:01:58+02:00,yoann-Precision-5490,Intel(R) Core(TM) Ultra 7 165H,sklib-0.15.0,celegans,31,15,1,diffba,compact,0.7,0.6966,17642529,1.227,6,44525228,2469982,0.14000,20.1900,0.047044,0.610157,0.515605,0.0212446,1.19405
2026-08-17T23:01:58+02:00,yoann-Precision-5490,Intel(R) Core(TM) Ultra 7 165H,sklib-0.15.0,celegans,31,15,8,inter,size,0.7,0.6966,77774108,0.111,9,NA,NA,NA,NA,NA,NA,NA,NA,NA
2026-08-17T23:02:02+02:00,yoann-Precision-5490,Intel(R) Core(TM) Ultra 7 165H,sklib-0.15.0,celegans,31,15,8,inter,nocompact,0.7,0.6966,77774108,1.119,30,1399999496,77774108,1.00000,144.0067,NA,NA,NA,NA,NA
2026-08-17T23:02:04+02:00,yoann-Precision-5490,Intel(R) Core(TM) Ultra 7 165H,sklib-0.15.0,celegans,31,15,8,inter,compact,0.7,0.6966,77774108,0.783,22,177728054,9870139,0.12691,18.2815,NA,NA,NA,NA,NA
2026-08-17T23:02:04+02:00,yoann-Precision-5490,Intel(R) Core(TM) Ultra 7 165H,sklib-0.15.0,celegans,31,15,8,union,size,0.7,0.6966,111649426,0.114,9,NA,NA,NA,NA,NA,NA,NA,NA,NA
2026-08-17T23:02:09+02:00,yoann-Precision-5490,Intel(R) Core(TM) Ultra 7 165H,sklib-0.15.0,celegans,31,15,8,union,nocompact,0.7,0.6966,111649426,1.585,31,2009755220,111649426,1.00000,144.0047,NA,NA,NA,NA,NA
2026-08-17T23:02:12+02:00,yoann-Precision-5490,Intel(R) Core(TM) Ultra 7 165H,sklib-0.15.0,celegans,31,15,8,union,compact,0.7,0.6966,111649426,1.109,27,253587956,14084578,0.12615,18.1703,NA,NA,NA,NA,NA
2026-08-17T23:02:13+02:00,yoann-Precision-5490,Intel(R) Core(TM) Ultra 7 165H,sklib-0.15.0,celegans,31,15,8,diffab,size,0.7,0.6966,16232789,0.120,8,NA,NA,NA,NA,NA,NA,NA,NA,NA
2026-08-17T23:02:14+02:00,yoann-Precision-5490,Intel(R) Core(TM) Ultra 7 165H,sklib-0.15.0,celegans,31,15,8,diffab,nocompact,0.7,0.6966,16232789,0.329,12,292255754,16232789,1.00000,144.0323,NA,NA,NA,NA,NA
2026-08-17T23:02:14+02:00,yoann-Precision-5490,Intel(R) Core(TM) Ultra 7 165H,sklib-0.15.0,celegans,31,15,8,diffab,compact,0.7,0.6966,16232789,0.256,11,41628308,2309042,0.14225,20.5157,NA,NA,NA,NA,NA
2026-08-17T23:02:15+02:00,yoann-Precision-5490,Intel(R) Core(TM) Ultra 7 165H,sklib-0.15.0,celegans,31,15,8,diffba,size,0.7,0.6966,17642529,0.120,9,NA,NA,NA,NA,NA,NA,NA,NA,NA
2026-08-17T23:02:16+02:00,yoann-Precision-5490,Intel(R) Core(TM) Ultra 7 165H,sklib-0.15.0,celegans,31,15,8,diffba,nocompact,0.7,0.6966,17642529,0.346,12,317631074,17642529,1.00000,144.0297,NA,NA,NA,NA,NA
2026-08-17T23:02:17+02:00,yoann-Precision-5490,Intel(R) Core(TM) Ultra 7 165H,sklib-0.15.0,celegans,31,15,8,diffba,compact,0.7,0.6966,17642529,0.268,11,44525228,2469982,0.14000,20.1900,NA,NA,NA,NA,NA
2026-08-17T23:02:19+02:00,yoann-Precision-5490,Intel(R) Core(TM) Ultra 7 165H,sklib-0.15.0,celegans,31,15,1,inter,size,0.9,0.8979,89157878,0.287,6,NA,NA,NA,NA,NA,NA,NA,NA,NA
2026-08-17T23:02:34+02:00,yoann-Precision-5490,Intel(R) Core(TM) Ultra 7 165H,sklib-0.15.0,celegans,31,15,1,inter,nocompact,0.9,0.8979,89157878,4.784,8,1604907356,89157878,1.00000,144.0059,0.0653102,0.986427,2.90797,0.477503,4.42989
2026-08-17T23:02:44+02:00,yoann-Precision-5490,Intel(R) Core(TM) Ultra 7 165H,sklib-0.15.0,celegans,31,15,1,inter,compact,0.9,0.8979,89157878,3.427,8,198757454,11038439,0.12381,17.8342,0.0640586,0.683624,2.53162,0.084472,3.36107
2026-08-17T23:02:45+02:00,yoann-Precision-5490,Intel(R) Core(TM) Ultra 7 165H,sklib-0.15.0,celegans,31,15,1,union,size,0.9,0.8979,99293736,0.276,6,NA,NA,NA,NA,NA,NA,NA,NA,NA
2026-08-17T23:03:00+02:00,yoann-Precision-5490,Intel(R) Core(TM) Ultra 7 165H,sklib-0.15.0,celegans,31,15,1,union,nocompact,0.9,0.8979,99293736,4.957,8,1787352800,99293736,1.00000,144.0053,0.0623041,0.946673,3.03288,0.495026,4.54109
2026-08-17T23:03:11+02:00,yoann-Precision-5490,Intel(R) Core(TM) Ultra 7 165H,sklib-0.15.0,celegans,31,15,1,union,compact,0.9,0.8979,99293736,3.799,9,221455238,12299427,0.12387,17.8424,0.0600269,0.690991,2.91857,0.09094,3.76217
2026-08-17T23:03:12+02:00,yoann-Precision-5490,Intel(R) Core(TM) Ultra 7 165H,sklib-0.15.0,celegans,31,15,1,diffab,size,0.9,0.8979,4849019,0.278,6,NA,NA,NA,NA,NA,NA,NA,NA,NA
2026-08-17T23:03:14+02:00,yoann-Precision-5490,Intel(R) Core(TM) Ultra 7 165H,sklib-0.15.0,celegans,31,15,1,diffab,nocompact,0.9,0.8979,4849019,0.481,6,87347894,4849019,1.00000,144.1081,0.0411533,0.246396,0.136955,0.0298721,0.454392
2026-08-17T23:03:15+02:00,yoann-Precision-5490,Intel(R) Core(TM) Ultra 7 165H,sklib-0.15.0,celegans,31,15,1,diffab,compact,0.9,0.8979,4849019,0.442,6,12484076,689918,0.14228,20.5965,0.0412523,0.237891,0.14488,0.00690758,0.430931
2026-08-17T23:03:16+02:00,yoann-Precision-5490,Intel(R) Core(TM) Ultra 7 165H,sklib-0.15.0,celegans,31,15,1,diffba,size,0.9,0.8979,5286839,0.270,6,NA,NA,NA,NA,NA,NA,NA,NA,NA
2026-08-17T23:03:18+02:00,yoann-Precision-5490,Intel(R) Core(TM) Ultra 7 165H,sklib-0.15.0,celegans,31,15,1,diffba,nocompact,0.9,0.8979,5286839,0.507,6,95228654,5286839,1.00000,144.0992,0.0410062,0.248809,0.15005,0.0324114,0.471994
2026-08-17T23:03:19+02:00,yoann-Precision-5490,Intel(R) Core(TM) Ultra 7 165H,sklib-0.15.0,celegans,31,15,1,diffba,compact,0.9,0.8979,5286839,0.449,6,13431020,742526,0.14045,20.3237,0.0420921,0.23517,0.152733,0.0072898,0.438198
2026-08-17T23:03:19+02:00,yoann-Precision-5490,Intel(R) Core(TM) Ultra 7 165H,sklib-0.15.0,celegans,31,15,8,inter,size,0.9,0.8979,89157878,0.066,8,NA,NA,NA,NA,NA,NA,NA,NA,NA
2026-08-17T23:03:23+02:00,yoann-Precision-5490,Intel(R) Core(TM) Ultra 7 165H,sklib-0.15.0,celegans,31,15,8,inter,nocompact,0.9,0.8979,89157878,1.249,29,1604907356,89157878,1.00000,144.0059,NA,NA,NA,NA,NA
2026-08-17T23:03:25+02:00,yoann-Precision-5490,Intel(R) Core(TM) Ultra 7 165H,sklib-0.15.0,celegans,31,15,8,inter,compact,0.9,0.8979,89157878,0.843,24,198757454,11038439,0.12381,17.8342,NA,NA,NA,NA,NA
2026-08-17T23:03:26+02:00,yoann-Precision-5490,Intel(R) Core(TM) Ultra 7 165H,sklib-0.15.0,celegans,31,15,8,union,size,0.9,0.8979,99293736,0.078,8,NA,NA,NA,NA,NA,NA,NA,NA,NA
2026-08-17T23:03:30+02:00,yoann-Precision-5490,Intel(R) Core(TM) Ultra 7 165H,sklib-0.15.0,celegans,31,15,8,union,nocompact,0.9,0.8979,99293736,1.349,30,1787352800,99293736,1.00000,144.0053,NA,NA,NA,NA,NA
2026-08-17T23:03:32+02:00,yoann-Precision-5490,Intel(R) Core(TM) Ultra 7 165H,sklib-0.15.0,celegans,31,15,8,union,compact,0.9,0.8979,99293736,0.936,25,221455238,12299427,0.12387,17.8424,NA,NA,NA,NA,NA
2026-08-17T23:03:33+02:00,yoann-Precision-5490,Intel(R) Core(TM) Ultra 7 165H,sklib-0.15.0,celegans,31,15,8,diffab,size,0.9,0.8979,4849019,0.072,7,NA,NA,NA,NA,NA,NA,NA,NA,NA
2026-08-17T23:03:33+02:00,yoann-Precision-5490,Intel(R) Core(TM) Ultra 7 165H,sklib-0.15.0,celegans,31,15,8,diffab,nocompact,0.9,0.8979,4849019,0.133,9,87347894,4849019,1.00000,144.1081,NA,NA,NA,NA,NA
2026-08-17T23:03:33+02:00,yoann-Precision-5490,Intel(R) Core(TM) Ultra 7 165H,sklib-0.15.0,celegans,31,15,8,diffab,compact,0.9,0.8979,4849019,0.096,9,12484076,689918,0.14228,20.5965,NA,NA,NA,NA,NA
2026-08-17T23:03:34+02:00,yoann-Precision-5490,Intel(R) Core(TM) Ultra 7 165H,sklib-0.15.0,celegans,31,15,8,diffba,size,0.9,0.8979,5286839,0.070,8,NA,NA,NA,NA,NA,NA,NA,NA,NA
2026-08-17T23:03:34+02:00,yoann-Precision-5490,Intel(R) Core(TM) Ultra 7 165H,sklib-0.15.0,celegans,31,15,8,diffba,nocompact,0.9,0.8979,5286839,0.121,9,95228654,5286839,1.00000,144.0992,NA,NA,NA,NA,NA
2026-08-17T23:03:35+02:00,yoann-Precision-5490,Intel(R) Core(TM) Ultra 7 165H,sklib-0.15.0,celegans,31,15,8,diffba,compact,0.9,0.8979,5286839,0.099,9,13431020,742526,0.14045,20.3237,NA,NA,NA,NA,NA
2026-08-17T23:03:37+02:00,yoann-Precision-5490,Intel(R) Core(TM) Ultra 7 165H,sklib-0.15.0,celegans,31,15,1,inter,size,1.0,1.0000,94006897,0.121,5,NA,NA,NA,NA,NA,NA,NA,NA,NA
2026-08-17T23:03:51+02:00,yoann-Precision-5490,Intel(R) Core(TM) Ultra 7 165H,sklib-0.15.0,celegans,31,15,1,inter,nocompact,1.0,1.0000,94006897,4.926,8,1692189698,94006897,1.00000,144.0056,0.0581625,0.882353,3.15091,0.473607,4.56163
2026-08-17T23:04:02+02:00,yoann-Precision-5490,Intel(R) Core(TM) Ultra 7 165H,sklib-0.15.0,celegans,31,15,1,inter,compact,1.0,1.0000,94006897,3.626,9,207553046,11527083,0.12262,17.6628,0.0593907,0.587214,2.83315,0.082892,3.56229
2026-08-17T23:04:03+02:00,yoann-Precision-5490,Intel(R) Core(TM) Ultra 7 165H,sklib-0.15.0,celegans,31,15,1,union,size,1.0,1.0000,94006897,0.121,6,NA,NA,NA,NA,NA,NA,NA,NA,NA
2026-08-17T23:04:16+02:00,yoann-Precision-5490,Intel(R) Core(TM) Ultra 7 165H,sklib-0.15.0,celegans,31,15,1,union,nocompact,1.0,1.0000,94006897,4.612,8,1692189698,94006897,1.00000,144.0056,0.0635283,0.828811,2.93182,0.471582,4.29068
2026-08-17T23:04:27+02:00,yoann-Precision-5490,Intel(R) Core(TM) Ultra 7 165H,sklib-0.15.0,celegans,31,15,1,union,compact,1.0,1.0000,94006897,3.411,9,207553046,11527083,0.12262,17.6628,0.0645036,0.554629,2.66802,0.085502,3.36932
2026-08-17T23:04:27+02:00,yoann-Precision-5490,Intel(R) Core(TM) Ultra 7 165H,sklib-0.15.0,celegans,31,15,1,diffab,size,1.0,1.0000,0,0.114,5,NA,NA,NA,NA,NA,NA,NA,NA,NA
2026-08-17T23:04:28+02:00,yoann-Precision-5490,Intel(R) Core(TM) Ultra 7 165H,sklib-0.15.0,celegans,31,15,1,diffab,nocompact,1.0,1.0000,0,0.110,6,65552,0,NA,NA,0.0391111,0.0618459,5.6225e-05,0.000168963,0.101141
2026-08-17T23:04:28+02:00,yoann-Precision-5490,Intel(R) Core(TM) Ultra 7 165H,sklib-0.15.0,celegans,31,15,1,diffab,compact,1.0,1.0000,0,0.115,6,65552,0,NA,NA,0.0413016,0.0669002,5.9745e-05,0.000174533,0.10846
2026-08-17T23:04:29+02:00,yoann-Precision-5490,Intel(R) Core(TM) Ultra 7 165H,sklib-0.15.0,celegans,31,15,1,diffba,size,1.0,1.0000,0,0.117,5,NA,NA,NA,NA,NA,NA,NA,NA,NA
2026-08-17T23:04:29+02:00,yoann-Precision-5490,Intel(R) Core(TM) Ultra 7 165H,sklib-0.15.0,celegans,31,15,1,diffba,nocompact,1.0,1.0000,0,0.114,6,65552,0,NA,NA,0.04022,0.0646709,5.798e-05,0.000170275,0.10517
2026-08-17T23:04:30+02:00,yoann-Precision-5490,Intel(R) Core(TM) Ultra 7 165H,sklib-0.15.0,celegans,31,15,1,diffba,compact,1.0,1.0000,0,0.111,6,65552,0,NA,NA,0.0393264,0.0625833,5.6401e-05,0.0001636,0.101984
2026-08-17T23:04:30+02:00,yoann-Precision-5490,Intel(R) Core(TM) Ultra 7 165H,sklib-0.15.0,celegans,31,15,8,inter,size,1.0,1.0000,94006897,0.061,7,NA,NA,NA,NA,NA,NA,NA,NA,NA
2026-08-17T23:04:34+02:00,yoann-Precision-5490,Intel(R) Core(TM) Ultra 7 165H,sklib-0.15.0,celegans,31,15,8,inter,nocompact,1.0,1.0000,94006897,1.293,30,1692189698,94006897,1.00000,144.0056,NA,NA,NA,NA,NA
2026-08-17T23:04:36+02:00,yoann-Precision-5490,Intel(R) Core(TM) Ultra 7 165H,sklib-0.15.0,celegans,31,15,8,inter,compact,1.0,1.0000,94006897,0.851,24,207553046,11527083,0.12262,17.6628,NA,NA,NA,NA,NA
2026-08-17T23:04:36+02:00,yoann-Precision-5490,Intel(R) Core(TM) Ultra 7 165H,sklib-0.15.0,celegans,31,15,8,union,size,1.0,1.0000,94006897,0.060,7,NA,NA,NA,NA,NA,NA,NA,NA,NA
2026-08-17T23:04:40+02:00,yoann-Precision-5490,Intel(R) Core(TM) Ultra 7 165H,sklib-0.15.0,celegans,31,15,8,union,nocompact,1.0,1.0000,94006897,1.305,28,1692189698,94006897,1.00000,144.0056,NA,NA,NA,NA,NA
2026-08-17T23:04:43+02:00,yoann-Precision-5490,Intel(R) Core(TM) Ultra 7 165H,sklib-0.15.0,celegans,31,15,8,union,compact,1.0,1.0000,94006897,0.865,25,207553046,11527083,0.12262,17.6628,NA,NA,NA,NA,NA
2026-08-17T23:04:43+02:00,yoann-Precision-5490,Intel(R) Core(TM) Ultra 7 165H,sklib-0.15.0,celegans,31,15,8,diffab,size,1.0,1.0000,0,0.059,8,NA,NA,NA,NA,NA,NA,NA,NA,NA
2026-08-17T23:04:43+02:00,yoann-Precision-5490,Intel(R) Core(TM) Ultra 7 165H,sklib-0.15.0,celegans,31,15,8,diffab,nocompact,1.0,1.0000,0,0.027,7,65552,0,NA,NA,NA,NA,NA,NA,NA
2026-08-17T23:04:43+02:00,yoann-Precision-5490,Intel(R) Core(TM) Ultra 7 165H,sklib-0.15.0,celegans,31,15,8,diffab,compact,1.0,1.0000,0,0.027,7,65552,0,NA,NA,NA,NA,NA,NA,NA
2026-08-17T23:04:43+02:00,yoann-Precision-5490,Intel(R) Core(TM) Ultra 7 165H,sklib-0.15.0,celegans,31,15,8,diffba,size,1.0,1.0000,0,0.059,7,NA,NA,NA,NA,NA,NA,NA,NA,NA
2026-08-17T23:04:44+02:00,yoann-Precision-5490,Intel(R) Core(TM) Ultra 7 165H,sklib-0.15.0,celegans,31,15,8,diffba,nocompact,1.0,1.0000,0,0.027,7,65552,0,NA,NA,NA,NA,NA,NA,NA
2026-08-17T23:04:44+02:00,yoann-Precision-5490,Intel(R) Core(TM) Ultra 7 165H,sklib-0.15.0,celegans,31,15,8,diffba,compact,1.0,1.0000,0,0.028,8,65552,0,NA,NA,NA,NA,NA,NA,NA
2026-08-17T23:04:53+02:00,yoann-Precision-5490,Intel(R) Core(TM) Ultra 7 165H,sklib-0.15.0,celegans,63,31,1,inter,size,0,0.0000,0,1.591,6,NA,NA,NA,NA,NA,NA,NA,NA,NA
2026-08-17T23:04:57+02:00,yoann-Precision-5490,Intel(R) Core(TM) Ultra 7 165H,sklib-0.15.0,celegans,63,31,1,inter,nocompact,0,0.0000,0,1.311,6,65552,0,NA,NA,0.0429124,1.25976,8.5841e-05,0.000364697,1.30263
2026-08-17T23:05:01+02:00,yoann-Precision-5490,Intel(R) Core(TM) Ultra 7 165H,sklib-0.15.0,celegans,63,31,1,inter,compact,0,0.0000,0,1.291,6,65552,0,NA,NA,0.0436371,1.2394,7.9018e-05,0.000357175,1.28346
2026-08-17T23:05:06+02:00,yoann-Precision-5490,Intel(R) Core(TM) Ultra 7 165H,sklib-0.15.0,celegans,63,31,1,union,size,0,0.0000,196787887,1.524,6,NA,NA,NA,NA,NA,NA,NA,NA,NA
2026-08-17T23:05:51+02:00,yoann-Precision-5490,Intel(R) Core(TM) Ultra 7 165H,sklib-0.15.0,celegans,63,31,1,union,nocompact,0,0.0000,196787887,15.290,12,6690853710,196787887,1.00000,272.0027,0.0647037,2.35544,10.0163,1.74906,14.1855
2026-08-17T23:06:16+02:00,yoann-Precision-5490,Intel(R) Core(TM) Ultra 7 165H,sklib-0.15.0,celegans,63,31,1,union,compact,0,0.0000,196787887,8.471,10,395578270,11632727,0.05911,16.0814,0.0557753,1.88425,6.28178,0.13069,8.35679
2026-08-17T23:06:20+02:00,yoann-Precision-5490,Intel(R) Core(TM) Ultra 7 165H,sklib-0.15.0,celegans,63,31,1,diffab,size,0,0.0000,96501920,1.510,6,NA,NA,NA,NA,NA,NA,NA,NA,NA
2026-08-17T23:06:44+02:00,yoann-Precision-5490,Intel(R) Core(TM) Ultra 7 165H,sklib-0.15.0,celegans,63,31,1,diffab,nocompact,0,0.0000,96501920,7.841,9,3281130832,96501920,1.00000,272.0054,0.0592177,1.70605,4.56266,0.795293,7.12176
2026-08-17T23:06:57+02:00,yoann-Precision-5490,Intel(R) Core(TM) Ultra 7 165H,sklib-0.15.0,celegans,63,31,1,diffab,compact,0,0.0000,96501920,4.510,8,195008428,5733614,0.05941,16.1662,0.0549964,1.4968,2.83794,0.0818902,4.47163
2026-08-17T23:07:02+02:00,yoann-Precision-5490,Intel(R) Core(TM) Ultra 7 165H,sklib-0.15.0,celegans,63,31,1,diffba,size,0,0.0000,100285967,1.421,6,NA,NA,NA,NA,NA,NA,NA,NA,NA
2026-08-17T23:07:26+02:00,yoann-Precision-5490,Intel(R) Core(TM) Ultra 7 165H,sklib-0.15.0,celegans,63,31,1,diffba,nocompact,0,0.0000,100285967,8.070,9,3409788430,100285967,1.00000,272.0052,0.0589144,1.7288,4.81385,0.833335,7.43477
2026-08-17T23:07:40+02:00,yoann-Precision-5490,Intel(R) Core(TM) Ultra 7 165H,sklib-0.15.0,celegans,63,31,1,diffba,compact,0,0.0000,100285967,4.873,8,200635394,5899113,0.05882,16.0051,0.0553403,1.57623,3.07752,0.0807516,4.79257
2026-08-17T23:07:41+02:00,yoann-Precision-5490,Intel(R) Core(TM) Ultra 7 165H,sklib-0.15.0,celegans,63,31,8,inter,size,0,0.0000,0,0.338,10,NA,NA,NA,NA,NA,NA,NA,NA,NA
2026-08-17T23:07:42+02:00,yoann-Precision-5490,Intel(R) Core(TM) Ultra 7 165H,sklib-0.15.0,celegans,63,31,8,inter,nocompact,0,0.0000,0,0.209,10,65552,0,NA,NA,NA,NA,NA,NA,NA
2026-08-17T23:07:43+02:00,yoann-Precision-5490,Intel(R) Core(TM) Ultra 7 165H,sklib-0.15.0,celegans,63,31,8,inter,compact,0,0.0000,0,0.212,9,65552,0,NA,NA,NA,NA,NA,NA,NA
2026-08-17T23:07:44+02:00,yoann-Precision-5490,Intel(R) Core(TM) Ultra 7 165H,sklib-0.15.0,celegans,63,31,8,union,size,0,0.0000,196787887,0.349,9,NA,NA,NA,NA,NA,NA,NA,NA,NA
2026-08-17T23:07:58+02:00,yoann-Precision-5490,Intel(R) Core(TM) Ultra 7 165H,sklib-0.15.0,celegans,63,31,8,union,nocompact,0,0.0000,196787887,5.188,77,6690853710,196787887,1.00000,272.0027,NA,NA,NA,NA,NA
2026-08-17T23:08:05+02:00,yoann-Precision-5490,Intel(R) Core(TM) Ultra 7 165H,sklib-0.15.0,celegans,63,31,8,union,compact,0,0.0000,196787887,2.017,42,395578270,11632727,0.05911,16.0814,NA,NA,NA,NA,NA
2026-08-17T23:08:06+02:00,yoann-Precision-5490,Intel(R) Core(TM) Ultra 7 165H,sklib-0.15.0,celegans,63,31,8,diffab,size,0,0.0000,96501920,0.373,9,NA,NA,NA,NA,NA,NA,NA,NA,NA
2026-08-17T23:08:13+02:00,yoann-Precision-5490,Intel(R) Core(TM) Ultra 7 165H,sklib-0.15.0,celegans,63,31,8,diffab,nocompact,0,0.0000,96501920,2.519,43,3281130832,96501920,1.00000,272.0054,NA,NA,NA,NA,NA
2026-08-17T23:08:17+02:00,yoann-Precision-5490,Intel(R) Core(TM) Ultra 7 165H,sklib-0.15.0,celegans,63,31,8,diffab,compact,0,0.0000,96501920,1.130,26,195008428,5733614,0.05941,16.1662,NA,NA,NA,NA,NA
2026-08-17T23:08:18+02:00,yoann-Precision-5490,Intel(R) Core(TM) Ultra 7 165H,sklib-0.15.0,celegans,63,31,8,diffba,size,0,0.0000,100285967,0.387,9,NA,NA,NA,NA,NA,NA,NA,NA,NA
2026-08-17T23:08:25+02:00,yoann-Precision-5490,Intel(R) Core(TM) Ultra 7 165H,sklib-0.15.0,celegans,63,31,8,diffba,nocompact,0,0.0000,100285967,2.592,46,3409788430,100285967,1.00000,272.0052,NA,NA,NA,NA,NA
2026-08-17T23:08:29+02:00,yoann-Precision-5490,Intel(R) Core(TM) Ultra 7 165H,sklib-0.15.0,celegans,63,31,8,diffba,compact,0,0.0000,100285967,1.192,26,200635394,5899113,0.05882,16.0051,NA,NA,NA,NA,NA
2026-08-17T23:08:36+02:00,yoann-Precision-5490,Intel(R) Core(TM) Ultra 7 165H,sklib-0.15.0,celegans,63,31,1,inter,size,0.1,0.1006,17960240,1.418,6,NA,NA,NA,NA,NA,NA,NA,NA,NA
2026-08-17T23:08:43+02:00,yoann-Precision-5490,Intel(R) Core(TM) Ultra 7 165H,sklib-0.15.0,celegans,63,31,1,inter,nocompact,0.1,0.1006,17960240,2.593,7,610713712,17960240,1.00000,272.0292,0.0594545,1.38086,0.835259,0.183413,2.45899
2026-08-17T23:08:50+02:00,yoann-Precision-5490,Intel(R) Core(TM) Ultra 7 165H,sklib-0.15.0,celegans,63,31,1,inter,compact,0.1,0.1006,17960240,2.072,7,51455226,1511461,0.08416,22.9196,0.0592958,1.36366,0.604764,0.0289964,2.04847
2026-08-17T23:08:54+02:00,yoann-Precision-5490,Intel(R) Core(TM) Ultra 7 165H,sklib-0.15.0,celegans,63,31,1,union,size,0.1,0.1006,178521780,1.402,6,NA,NA,NA,NA,NA,NA,NA,NA,NA
2026-08-17T23:09:35+02:00,yoann-Precision-5490,Intel(R) Core(TM) Ultra 7 165H,sklib-0.15.0,celegans,63,31,1,union,nocompact,0.1,0.1006,178521780,13.889,12,6069806072,178521780,1.00000,272.0029,0.0763447,2.29155,8.71611,1.73112,12.8443
2026-08-17T23:09:58+02:00,yoann-Precision-5490,Intel(R) Core(TM) Ultra 7 165H,sklib-0.15.0,celegans,63,31,1,union,compact,0.1,0.1006,178521780,7.637,10,377378308,11097434,0.06216,16.9113,0.0683996,1.79047,5.51829,0.137357,7.52518
2026-08-17T23:10:03+02:00,yoann-Precision-5490,Intel(R) Core(TM) Ultra 7 165H,sklib-0.15.0,celegans,63,31,1,diffab,size,0.1,0.1006,78541680,1.361,6,NA,NA,NA,NA,NA,NA,NA,NA,NA
2026-08-17T23:10:23+02:00,yoann-Precision-5490,Intel(R) Core(TM) Ultra 7 165H,sklib-0.15.0,celegans,63,31,1,diffab,nocompact,0.1,0.1006,78541680,6.867,9,2670482672,78541680,1.00000,272.0067,0.0716882,1.70635,3.76819,0.729835,6.27901
2026-08-17T23:10:35+02:00,yoann-Precision-5490,Intel(R) Core(TM) Ultra 7 165H,sklib-0.15.0,celegans,63,31,1,diffab,compact,0.1,0.1006,78541680,3.910,8,173898950,5112747,0.06510,17.7128,0.06499,1.46607,2.23588,0.0788781,3.83989
2026-08-17T23:10:39+02:00,yoann-Precision-5490,Intel(R) Core(TM) Ultra 7 165H,sklib-0.15.0,celegans,63,31,1,diffba,size,0.1,0.1006,82019860,1.311,6,NA,NA,NA,NA,NA,NA,NA,NA,NA
2026-08-17T23:11:04+02:00,yoann-Precision-5490,Intel(R) Core(TM) Ultra 7 165H,sklib-0.15.0,celegans,63,31,1,diffba,nocompact,0.1,0.1006,82019860,8.764,8,2788740792,82019860,1.00000,272.0064,0.0754874,3.20904,3.86422,0.992116,8.13493
2026-08-17T23:11:17+02:00,yoann-Precision-5490,Intel(R) Core(TM) Ultra 7 165H,sklib-0.15.0,celegans,63,31,1,diffba,compact,0.1,0.1006,82019860,4.176,8,180012796,5292566,0.06453,17.5580,0.0660158,1.55497,2.46288,0.0833305,4.16663
2026-08-17T23:11:18+02:00,yoann-Precision-5490,Intel(R) Core(TM) Ultra 7 165H,sklib-0.15.0,celegans,63,31,8,inter,size,0.1,0.1006,17960240,0.303,9,NA,NA,NA,NA,NA,NA,NA,NA,NA
2026-08-17T23:11:20+02:00,yoann-Precision-5490,Intel(R) Core(TM) Ultra 7 165H,sklib-0.15.0,celegans,63,31,8,inter,nocompact,0.1,0.1006,17960240,0.588,17,610713712,17960240,1.00000,272.0292,NA,NA,NA,NA,NA
2026-08-17T23:11:21+02:00,yoann-Precision-5490,Intel(R) Core(TM) Ultra 7 165H,sklib-0.15.0,celegans,63,31,8,inter,compact,0.1,0.1006,17960240,0.379,13,51455226,1511461,0.08416,22.9196,NA,NA,NA,NA,NA
2026-08-17T23:11:22+02:00,yoann-Precision-5490,Intel(R) Core(TM) Ultra 7 165H,sklib-0.15.0,celegans,63,31,8,union,size,0.1,0.1006,178521780,0.313,10,NA,NA,NA,NA,NA,NA,NA,NA,NA
2026-08-17T23:11:34+02:00,yoann-Precision-5490,Intel(R) Core(TM) Ultra 7 165H,sklib-0.15.0,celegans,63,31,8,union,nocompact,0.1,0.1006,178521780,4.484,76,6069806072,178521780,1.00000,272.0029,NA,NA,NA,NA,NA
2026-08-17T23:11:40+02:00,yoann-Precision-5490,Intel(R) Core(TM) Ultra 7 165H,sklib-0.15.0,celegans,63,31,8,union,compact,0.1,0.1006,178521780,1.899,41,377378308,11097434,0.06216,16.9113,NA,NA,NA,NA,NA
2026-08-17T23:11:41+02:00,yoann-Precision-5490,Intel(R) Core(TM) Ultra 7 165H,sklib-0.15.0,celegans,63,31,8,diffab,size,0.1,0.1006,78541680,0.364,9,NA,NA,NA,NA,NA,NA,NA,NA,NA
2026-08-17T23:11:47+02:00,yoann-Precision-5490,Intel(R) Core(TM) Ultra 7 165H,sklib-0.15.0,celegans,63,31,8,diffab,nocompact,0.1,0.1006,78541680,2.096,44,2670482672,78541680,1.00000,272.0067,NA,NA,NA,NA,NA
2026-08-17T23:11:50+02:00,yoann-Precision-5490,Intel(R) Core(TM) Ultra 7 165H,sklib-0.15.0,celegans,63,31,8,diffab,compact,0.1,0.1006,78541680,0.978,23,173898950,5112747,0.06510,17.7128,NA,NA,NA,NA,NA
2026-08-17T23:11:51+02:00,yoann-Precision-5490,Intel(R) Core(TM) Ultra 7 165H,sklib-0.15.0,celegans,63,31,8,diffba,size,0.1,0.1006,82019860,0.361,9,NA,NA,NA,NA,NA,NA,NA,NA,NA
2026-08-17T23:11:58+02:00,yoann-Precision-5490,Intel(R) Core(TM) Ultra 7 165H,sklib-0.15.0,celegans,63,31,8,diffba,nocompact,0.1,0.1006,82019860,2.190,39,2788740792,82019860,1.00000,272.0064,NA,NA,NA,NA,NA
2026-08-17T23:12:01+02:00,yoann-Precision-5490,Intel(R) Core(TM) Ultra 7 165H,sklib-0.15.0,celegans,63,31,8,diffba,compact,0.1,0.1006,82019860,1.043,24,180012796,5292566,0.06453,17.5580,NA,NA,NA,NA,NA
2026-08-17T23:12:07+02:00,yoann-Precision-5490,Intel(R) Core(TM) Ultra 7 165H,sklib-0.15.0,celegans,63,31,1,inter,size,0.3,0.2996,45085588,1.129,6,NA,NA,NA,NA,NA,NA,NA,NA,NA
2026-08-17T23:12:23+02:00,yoann-Precision-5490,Intel(R) Core(TM) Ultra 7 165H,sklib-0.15.0,celegans,63,31,1,inter,nocompact,0.3,0.2996,45085588,5.442,7,1532975544,45085588,1.00000,272.0116,0.0743165,2.3453,2.23576,0.572417,5.2278
2026-08-17T23:12:32+02:00,yoann-Precision-5490,Intel(R) Core(TM) Ultra 7 165H,sklib-0.15.0,celegans,63,31,1,inter,compact,0.3,0.2996,45085588,2.920,7,108324000,3184072,0.07062,19.2210,0.0630621,1.37923,1.38322,0.0569744,2.8833
2026-08-17T23:12:36+02:00,yoann-Precision-5490,Intel(R) Core(TM) Ultra 7 165H,sklib-0.15.0,celegans,63,31,1,union,size,0.3,0.2996,150476358,1.054,6,NA,NA,NA,NA,NA,NA,NA,NA,NA
2026-08-17T23:13:22+02:00,yoann-Precision-5490,Intel(R) Core(TM) Ultra 7 165H,sklib-0.15.0,celegans,63,31,1,union,nocompact,0.3,0.2996,150476358,15.928,11,5116261724,150476358,1.00000,272.0035,0.0797354,5.33587,7.52149,1.93624,14.8798
2026-08-17T23:13:42+02:00,yoann-Precision-5490,Intel(R) Core(TM) Ultra 7 165H,sklib-0.15.0,celegans,63,31,1,union,compact,0.3,0.2996,150476358,6.499,10,321701982,9459895,0.06287,17.1031,0.0688961,1.6791,4.52203,0.12641,6.39644
2026-08-17T23:13:46+02:00,yoann-Precision-5490,Intel(R) Core(TM) Ultra 7 165H,sklib-0.15.0,celegans,63,31,1,diffab,size,0.3,0.2996,51416332,1.061,6,NA,NA,NA,NA,NA,NA,NA,NA,NA
2026-08-17T23:14:02+02:00,yoann-Precision-5490,Intel(R) Core(TM) Ultra 7 165H,sklib-0.15.0,celegans,63,31,1,diffab,nocompact,0.3,0.2996,51416332,5.356,7,1748220840,51416332,1.00000,272.0102,0.0700893,1.94061,2.35087,0.590226,4.95135
2026-08-17T23:14:10+02:00,yoann-Precision-5490,Intel(R) Core(TM) Ultra 7 165H,sklib-0.15.0,celegans,63,31,1,diffab,compact,0.3,0.2996,51416332,2.811,7,121337330,3566817,0.06937,18.8792,0.0609057,1.09729,1.55486,0.0546797,2.76471
2026-08-17T23:14:13+02:00,yoann-Precision-5490,Intel(R) Core(TM) Ultra 7 165H,sklib-0.15.0,celegans,63,31,1,diffba,size,0.3,0.2996,53974438,1.065,6,NA,NA,NA,NA,NA,NA,NA,NA,NA
2026-08-17T23:14:30+02:00,yoann-Precision-5490,Intel(R) Core(TM) Ultra 7 165H,sklib-0.15.0,celegans,63,31,1,diffba,nocompact,0.3,0.2996,53974438,5.537,7,1835196444,53974438,1.00000,272.0097,0.0714654,1.97111,2.47009,0.619886,5.13045
2026-08-17T23:14:39+02:00,yoann-Precision-5490,Intel(R) Core(TM) Ultra 7 165H,sklib-0.15.0,celegans,63,31,1,diffba,compact,0.3,0.2996,53974438,2.921,7,126261346,3711641,0.06877,18.7142,0.061978,1.10674,1.63892,0.058874,2.86401
2026-08-17T23:14:40+02:00,yoann-Precision-5490,Intel(R) Core(TM) Ultra 7 165H,sklib-0.15.0,celegans,63,31,8,inter,size,0.3,0.2996,45085588,0.223,9,NA,NA,NA,NA,NA,NA,NA,NA,NA
2026-08-17T23:14:43+02:00,yoann-Precision-5490,Intel(R) Core(TM) Ultra 7 165H,sklib-0.15.0,celegans,63,31,8,inter,nocompact,0.3,0.2996,45085588,1.212,29,1532975544,45085588,1.00000,272.0116,NA,NA,NA,NA,NA
2026-08-17T23:14:45+02:00,yoann-Precision-5490,Intel(R) Core(TM) Ultra 7 165H,sklib-0.15.0,celegans,63,31,8,inter,compact,0.3,0.2996,45085588,0.603,17,108324000,3184072,0.07062,19.2210,NA,NA,NA,NA,NA
2026-08-17T23:14:46+02:00,yoann-Precision-5490,Intel(R) Core(TM) Ultra 7 165H,sklib-0.15.0,celegans,63,31,8,union,size,0.3,0.2996,150476358,0.237,9,NA,NA,NA,NA,NA,NA,NA,NA,NA
2026-08-17T23:14:56+02:00,yoann-Precision-5490,Intel(R) Core(TM) Ultra 7 165H,sklib-0.15.0,celegans,63,31,8,union,nocompact,0.3,0.2996,150476358,3.851,74,5116261724,150476358,1.00000,272.0035,NA,NA,NA,NA,NA
2026-08-17T23:15:01+02:00,yoann-Precision-5490,Intel(R) Core(TM) Ultra 7 165H,sklib-0.15.0,celegans,63,31,8,union,compact,0.3,0.2996,150476358,1.614,36,321701982,9459895,0.06287,17.1031,NA,NA,NA,NA,NA
2026-08-17T23:15:02+02:00,yoann-Precision-5490,Intel(R) Core(TM) Ultra 7 165H,sklib-0.15.0,celegans,63,31,8,diffab,size,0.3,0.2996,51416332,0.253,9,NA,NA,NA,NA,NA,NA,NA,NA,NA
2026-08-17T23:15:06+02:00,yoann-Precision-5490,Intel(R) Core(TM) Ultra 7 165H,sklib-0.15.0,celegans,63,31,8,diffab,nocompact,0.3,0.2996,51416332,1.375,27,1748220840,51416332,1.00000,272.0102,NA,NA,NA,NA,NA
2026-08-17T23:15:08+02:00,yoann-Precision-5490,Intel(R) Core(TM) Ultra 7 165H,sklib-0.15.0,celegans,63,31,8,diffab,compact,0.3,0.2996,51416332,0.677,18,121337330,3566817,0.06937,18.8792,NA,NA,NA,NA,NA
2026-08-17T23:15:09+02:00,yoann-Precision-5490,Intel(R) Core(TM) Ultra 7 165H,sklib-0.15.0,celegans,63,31,8,diffba,size,0.3,0.2996,53974438,0.262,9,NA,NA,NA,NA,NA,NA,NA,NA,NA
2026-08-17T23:15:13+02:00,yoann-Precision-5490,Intel(R) Core(TM) Ultra 7 165H,sklib-0.15.0,celegans,63,31,8,diffba,nocompact,0.3,0.2996,53974438,1.465,27,1835196444,53974438,1.00000,272.0097,NA,NA,NA,NA,NA
2026-08-17T23:15:15+02:00,yoann-Precision-5490,Intel(R) Core(TM) Ultra 7 165H,sklib-0.15.0,celegans,63,31,8,diffba,compact,0.3,0.2996,53974438,0.710,19,126261346,3711641,0.06877,18.7142,NA,NA,NA,NA,NA
2026-08-17T23:15:20+02:00,yoann-Precision-5490,Intel(R) Core(TM) Ultra 7 165H,sklib-0.15.0,celegans,63,31,1,inter,size,0.5,0.4981,64740765,0.812,6,NA,NA,NA,NA,NA,NA,NA,NA,NA
2026-08-17T23:15:38+02:00,yoann-Precision-5490,Intel(R) Core(TM) Ultra 7 165H,sklib-0.15.0,celegans,63,31,1,inter,nocompact,0.5,0.4981,64740765,5.920,8,2201251562,64740765,1.00000,272.0081,0.0736614,1.63044,3.18457,0.673166,5.56184
2026-08-17T23:15:48+02:00,yoann-Precision-5490,Intel(R) Core(TM) Ultra 7 165H,sklib-0.15.0,celegans,63,31,1,inter,compact,0.5,0.4981,64740765,3.417,8,143798954,4227453,0.06530,17.7692,0.0630959,1.19211,2.04428,0.0689712,3.36507
2026-08-17T23:15:51+02:00,yoann-Precision-5490,Intel(R) Core(TM) Ultra 7 165H,sklib-0.15.0,celegans,63,31,1,union,size,0.5,0.4981,129971707,0.767,6,NA,NA,NA,NA,NA,NA,NA,NA,NA
2026-08-17T23:16:22+02:00,yoann-Precision-5490,Intel(R) Core(TM) Ultra 7 165H,sklib-0.15.0,celegans,63,31,1,union,nocompact,0.5,0.4981,129971707,10.479,11,4419103590,129971707,1.00000,272.0040,0.0740041,2.17242,6.50364,1.32548,10.0751
2026-08-17T23:16:40+02:00,yoann-Precision-5490,Intel(R) Core(TM) Ultra 7 165H,sklib-0.15.0,celegans,63,31,1,union,compact,0.5,0.4981,129971707,5.841,10,275670538,8106029,0.06237,16.9680,0.0705279,1.4005,4.24869,0.114184,5.83069
2026-08-17T23:16:42+02:00,yoann-Precision-5490,Intel(R) Core(TM) Ultra 7 165H,sklib-0.15.0,celegans,63,31,1,diffab,size,0.5,0.4981,31761155,0.749,6,NA,NA,NA,NA,NA,NA,NA,NA,NA
2026-08-17T23:16:51+02:00,yoann-Precision-5490,Intel(R) Core(TM) Ultra 7 165H,sklib-0.15.0,celegans,63,31,1,diffab,nocompact,0.5,0.4981,31761155,2.949,7,1079944822,31761155,1.00000,272.0165,0.0600156,0.933327,1.48149,0.313912,2.7906
2026-08-17T23:16:57+02:00,yoann-Precision-5490,Intel(R) Core(TM) Ultra 7 165H,sklib-0.15.0,celegans,63,31,1,diffab,compact,0.5,0.4981,31761155,1.906,7,77327866,2272421,0.07155,19.4773,0.0569373,0.786007,1.01234,0.0373225,1.89695
2026-08-17T23:16:59+02:00,yoann-Precision-5490,Intel(R) Core(TM) Ultra 7 165H,sklib-0.15.0,celegans,63,31,1,diffba,size,0.5,0.4981,33469787,0.731,6,NA,NA,NA,NA,NA,NA,NA,NA,NA
2026-08-17T23:17:09+02:00,yoann-Precision-5490,Intel(R) Core(TM) Ultra 7 165H,sklib-0.15.0,celegans,63,31,1,diffba,nocompact,0.5,0.4981,33469787,3.337,7,1138038310,33469787,1.00000,272.0157,0.0630504,1.12838,1.50881,0.367009,3.06703
2026-08-17T23:17:16+02:00,yoann-Precision-5490,Intel(R) Core(TM) Ultra 7 165H,sklib-0.15.0,celegans,63,31,1,diffba,compact,0.5,0.4981,33469787,1.984,7,80900348,2377494,0.07103,19.3369,0.0563835,0.798534,1.0497,0.0387055,1.94562
2026-08-17T23:17:16+02:00,yoann-Precision-5490,Intel(R) Core(TM) Ultra 7 165H,sklib-0.15.0,celegans,63,31,8,inter,size,0.5,0.4981,64740765,0.149,8,NA,NA,NA,NA,NA,NA,NA,NA,NA
2026-08-17T23:17:20+02:00,yoann-Precision-5490,Intel(R) Core(TM) Ultra 7 165H,sklib-0.15.0,celegans,63,31,8,inter,nocompact,0.5,0.4981,64740765,1.572,32,2201251562,64740765,1.00000,272.0081,NA,NA,NA,NA,NA
2026-08-17T23:17:23+02:00,yoann-Precision-5490,Intel(R) Core(TM) Ultra 7 165H,sklib-0.15.0,celegans,63,31,8,inter,compact,0.5,0.4981,64740765,0.760,21,143798954,4227453,0.06530,17.7692,NA,NA,NA,NA,NA
2026-08-17T23:17:23+02:00,yoann-Precision-5490,Intel(R) Core(TM) Ultra 7 165H,sklib-0.15.0,celegans,63,31,8,union,size,0.5,0.4981,129971707,0.166,8,NA,NA,NA,NA,NA,NA,NA,NA,NA
2026-08-17T23:17:32+02:00,yoann-Precision-5490,Intel(R) Core(TM) Ultra 7 165H,sklib-0.15.0,celegans,63,31,8,union,nocompact,0.5,0.4981,129971707,3.253,56,4419103590,129971707,1.00000,272.0040,NA,NA,NA,NA,NA
2026-08-17T23:17:37+02:00,yoann-Precision-5490,Intel(R) Core(TM) Ultra 7 165H,sklib-0.15.0,celegans,63,31,8,union,compact,0.5,0.4981,129971707,1.411,33,275670538,8106029,0.06237,16.9680,NA,NA,NA,NA,NA
2026-08-17T23:17:37+02:00,yoann-Precision-5490,Intel(R) Core(TM) Ultra 7 165H,sklib-0.15.0,celegans,63,31,8,diffab,size,0.5,0.4981,31761155,0.172,8,NA,NA,NA,NA,NA,NA,NA,NA,NA
2026-08-17T23:17:40+02:00,yoann-Precision-5490,Intel(R) Core(TM) Ultra 7 165H,sklib-0.15.0,celegans,63,31,8,diffab,nocompact,0.5,0.4981,31761155,0.881,20,1079944822,31761155,1.00000,272.0165,NA,NA,NA,NA,NA
2026-08-17T23:17:41+02:00,yoann-Precision-5490,Intel(R) Core(TM) Ultra 7 165H,sklib-0.15.0,celegans,63,31,8,diffab,compact,0.5,0.4981,31761155,0.435,14,77327866,2272421,0.07155,19.4773,NA,NA,NA,NA,NA
2026-08-17T23:17:42+02:00,yoann-Precision-5490,Intel(R) Core(TM) Ultra 7 165H,sklib-0.15.0,celegans,63,31,8,diffba,size,0.5,0.4981,33469787,0.170,8,NA,NA,NA,NA,NA,NA,NA,NA,NA
2026-08-17T23:17:45+02:00,yoann-Precision-5490,Intel(R) Core(TM) Ultra 7 165H,sklib-0.15.0,celegans,63,31,8,diffba,nocompact,0.5,0.4981,33469787,0.921,23,1138038310,33469787,1.00000,272.0157,NA,NA,NA,NA,NA
2026-08-17T23:17:46+02:00,yoann-Precision-5490,Intel(R) Core(TM) Ultra 7 165H,sklib-0.15.0,celegans,63,31,8,diffba,compact,0.5,0.4981,33469787,0.472,14,80900348,2377494,0.07103,19.3369,NA,NA,NA,NA,NA
2026-08-17T23:17:50+02:00,yoann-Precision-5490,Intel(R) Core(TM) Ultra 7 165H,sklib-0.15.0,celegans,63,31,1,inter,size,0.7,0.6980,79725482,0.456,6,NA,NA,NA,NA,NA,NA,NA,NA,NA
2026-08-17T23:18:09+02:00,yoann-Precision-5490,Intel(R) Core(TM) Ultra 7 165H,sklib-0.15.0,celegans,63,31,1,inter,nocompact,0.7,0.6980,79725482,6.710,9,2710731940,79725482,1.00000,272.0066,0.0736451,1.25736,4.00384,0.771292,6.10531
2026-08-17T23:18:20+02:00,yoann-Precision-5490,Intel(R) Core(TM) Ultra 7 165H,sklib-0.15.0,celegans,63,31,1,inter,compact,0.7,0.6980,79725482,3.591,8,168765528,4961764,0.06224,16.9347,0.066229,1.03253,2.39492,0.0765604,3.57484
2026-08-17T23:18:22+02:00,yoann-Precision-5490,Intel(R) Core(TM) Ultra 7 165H,sklib-0.15.0,celegans,63,31,1,union,size,0.7,0.6980,114221036,0.437,6,NA,NA,NA,NA,NA,NA,NA,NA,NA
2026-08-17T23:18:47+02:00,yoann-Precision-5490,Intel(R) Core(TM) Ultra 7 165H,sklib-0.15.0,celegans,63,31,1,union,nocompact,0.7,0.6980,114221036,8.750,10,3883580776,114221036,1.00000,272.0046,0.0736258,1.2934,5.52248,1.07917,7.96541
2026-08-17T23:19:02+02:00,yoann-Precision-5490,Intel(R) Core(TM) Ultra 7 165H,sklib-0.15.0,celegans,63,31,1,union,compact,0.7,0.6980,114221036,4.966,10,238351934,7008423,0.06136,16.6941,0.0687606,1.12592,3.66067,0.0995018,4.95627
2026-08-17T23:19:04+02:00,yoann-Precision-5490,Intel(R) Core(TM) Ultra 7 165H,sklib-0.15.0,celegans,63,31,1,diffab,size,0.7,0.6980,16776438,0.422,6,NA,NA,NA,NA,NA,NA,NA,NA,NA
2026-08-17T23:19:09+02:00,yoann-Precision-5490,Intel(R) Core(TM) Ultra 7 165H,sklib-0.15.0,celegans,63,31,1,diffab,nocompact,0.7,0.6980,16776438,1.683,6,570464444,16776438,1.00000,272.0313,0.0494457,0.568655,0.755956,0.206059,1.58185
2026-08-17T23:19:12+02:00,yoann-Precision-5490,Intel(R) Core(TM) Ultra 7 165H,sklib-0.15.0,celegans,63,31,1,diffab,compact,0.7,0.6980,16776438,1.044,6,41652958,1223159,0.07291,19.8626,0.0433493,0.428381,0.522076,0.0199765,1.01378
2026-08-17T23:19:13+02:00,yoann-Precision-5490,Intel(R) Core(TM) Ultra 7 165H,sklib-0.15.0,celegans,63,31,1,diffba,size,0.7,0.6980,17719116,0.435,6,NA,NA,NA,NA,NA,NA,NA,NA,NA
2026-08-17T23:19:19+02:00,yoann-Precision-5490,Intel(R) Core(TM) Ultra 7 165H,sklib-0.15.0,celegans,63,31,1,diffba,nocompact,0.7,0.6980,17719116,1.808,6,602515496,17719116,1.00000,272.0296,0.050755,0.633913,0.773342,0.214691,1.6727
2026-08-17T23:19:22+02:00,yoann-Precision-5490,Intel(R) Core(TM) Ultra 7 165H,sklib-0.15.0,celegans,63,31,1,diffba,compact,0.7,0.6980,17719116,1.074,6,43676604,1282678,0.07239,19.7195,0.0443877,0.43398,0.545944,0.0204506,1.04525
2026-08-17T23:19:23+02:00,yoann-Precision-5490,Intel(R) Core(TM) Ultra 7 165H,sklib-0.15.0,celegans,63,31,8,inter,size,0.7,0.6980,79725482,0.089,7,NA,NA,NA,NA,NA,NA,NA,NA,NA
2026-08-17T23:19:28+02:00,yoann-Precision-5490,Intel(R) Core(TM) Ultra 7 165H,sklib-0.15.0,celegans,63,31,8,inter,nocompact,0.7,0.6980,79725482,1.910,41,2710731940,79725482,1.00000,272.0066,NA,NA,NA,NA,NA
2026-08-17T23:19:31+02:00,yoann-Precision-5490,Intel(R) Core(TM) Ultra 7 165H,sklib-0.15.0,celegans,63,31,8,inter,compact,0.7,0.6980,79725482,0.827,24,168765528,4961764,0.06224,16.9347,NA,NA,NA,NA,NA
2026-08-17T23:19:31+02:00,yoann-Precision-5490,Intel(R) Core(TM) Ultra 7 165H,sklib-0.15.0,celegans,63,31,8,union,size,0.7,0.6980,114221036,0.096,7,NA,NA,NA,NA,NA,NA,NA,NA,NA
2026-08-17T23:19:39+02:00,yoann-Precision-5490,Intel(R) Core(TM) Ultra 7 165H,sklib-0.15.0,celegans,63,31,8,union,nocompact,0.7,0.6980,114221036,2.828,49,3883580776,114221036,1.00000,272.0046,NA,NA,NA,NA,NA
2026-08-17T23:19:42+02:00,yoann-Precision-5490,Intel(R) Core(TM) Ultra 7 165H,sklib-0.15.0,celegans,63,31,8,union,compact,0.7,0.6980,114221036,1.232,31,238351934,7008423,0.06136,16.6941,NA,NA,NA,NA,NA
2026-08-17T23:19:43+02:00,yoann-Precision-5490,Intel(R) Core(TM) Ultra 7 165H,sklib-0.15.0,celegans,63,31,8,diffab,size,0.7,0.6980,16776438,0.103,7,NA,NA,NA,NA,NA,NA,NA,NA,NA
2026-08-17T23:19:44+02:00,yoann-Precision-5490,Intel(R) Core(TM) Ultra 7 165H,sklib-0.15.0,celegans,63,31,8,diffab,nocompact,0.7,0.6980,16776438,0.445,14,570464444,16776438,1.00000,272.0313,NA,NA,NA,NA,NA
2026-08-17T23:19:45+02:00,yoann-Precision-5490,Intel(R) Core(TM) Ultra 7 165H,sklib-0.15.0,celegans,63,31,8,diffab,compact,0.7,0.6980,16776438,0.245,11,41652958,1223159,0.07291,19.8626,NA,NA,NA,NA,NA
2026-08-17T23:19:45+02:00,yoann-Precision-5490,Intel(R) Core(TM) Ultra 7 165H,sklib-0.15.0,celegans,63,31,8,diffba,size,0.7,0.6980,17719116,0.106,7,NA,NA,NA,NA,NA,NA,NA,NA,NA
2026-08-17T23:19:47+02:00,yoann-Precision-5490,Intel(R) Core(TM) Ultra 7 165H,sklib-0.15.0,celegans,63,31,8,diffba,nocompact,0.7,0.6980,17719116,0.498,16,602515496,17719116,1.00000,272.0296,NA,NA,NA,NA,NA
2026-08-17T23:19:48+02:00,yoann-Precision-5490,Intel(R) Core(TM) Ultra 7 165H,sklib-0.15.0,celegans,63,31,8,diffba,compact,0.7,0.6980,17719116,0.249,11,43676604,1282678,0.07239,19.7195,NA,NA,NA,NA,NA
2026-08-17T23:19:50+02:00,yoann-Precision-5490,Intel(R) Core(TM) Ultra 7 165H,sklib-0.15.0,celegans,63,31,1,inter,size,0.9,0.8987,91491574,0.212,6,NA,NA,NA,NA,NA,NA,NA,NA,NA
2026-08-17T23:20:17+02:00,yoann-Precision-5490,Intel(R) Core(TM) Ultra 7 165H,sklib-0.15.0,celegans,63,31,1,inter,nocompact,0.9,0.8987,91491574,9.118,9,3110779068,91491574,1.00000,272.0057,0.0765039,2.71998,4.52246,1.14083,8.46831
2026-08-17T23:20:29+02:00,yoann-Precision-5490,Intel(R) Core(TM) Ultra 7 165H,sklib-0.15.0,celegans,63,31,1,inter,compact,0.9,0.8987,91491574,3.782,8,187315044,5507338,0.06020,16.3788,0.0669332,0.835416,2.75387,0.0826234,3.73907
2026-08-17T23:20:30+02:00,yoann-Precision-5490,Intel(R) Core(TM) Ultra 7 165H,sklib-0.15.0,celegans,63,31,1,union,size,0.9,0.8987,101803482,0.204,5,NA,NA,NA,NA,NA,NA,NA,NA,NA
2026-08-17T23:20:58+02:00,yoann-Precision-5490,Intel(R) Core(TM) Ultra 7 165H,sklib-0.15.0,celegans,63,31,1,union,nocompact,0.9,0.8987,101803482,9.536,9,3461383940,101803482,1.00000,272.0052,0.0758493,2.71749,4.80055,1.21922,8.80605
2026-08-17T23:21:11+02:00,yoann-Precision-5490,Intel(R) Core(TM) Ultra 7 165H,sklib-0.15.0,celegans,63,31,1,union,compact,0.9,0.8987,101803482,4.179,9,208151366,6120171,0.06012,16.3571,0.0672765,0.859818,3.07531,0.0889069,4.09889
2026-08-17T23:21:11+02:00,yoann-Precision-5490,Intel(R) Core(TM) Ultra 7 165H,sklib-0.15.0,celegans,63,31,1,diffab,size,0.9,0.8987,5010346,0.197,5,NA,NA,NA,NA,NA,NA,NA,NA,NA
2026-08-17T23:21:13+02:00,yoann-Precision-5490,Intel(R) Core(TM) Ultra 7 165H,sklib-0.15.0,celegans,63,31,1,diffab,nocompact,0.9,0.8987,5010346,0.534,6,170417316,5010346,1.00000,272.1047,0.0397865,0.178006,0.209195,0.0563423,0.485677
2026-08-17T23:21:14+02:00,yoann-Precision-5490,Intel(R) Core(TM) Ultra 7 165H,sklib-0.15.0,celegans,63,31,1,diffab,compact,0.9,0.8987,5010346,0.371,6,12676662,370915,0.07403,20.2408,0.0383719,0.157284,0.156713,0.0063877,0.35911
2026-08-17T23:21:15+02:00,yoann-Precision-5490,Intel(R) Core(TM) Ultra 7 165H,sklib-0.15.0,celegans,63,31,1,diffba,size,0.9,0.8987,5301562,0.198,5,NA,NA,NA,NA,NA,NA,NA,NA,NA
2026-08-17T23:21:17+02:00,yoann-Precision-5490,Intel(R) Core(TM) Ultra 7 165H,sklib-0.15.0,celegans,63,31,1,diffba,nocompact,0.9,0.8987,5301562,0.542,6,180318660,5301562,1.00000,272.0989,0.040045,0.175648,0.221504,0.0665882,0.503785
2026-08-17T23:21:18+02:00,yoann-Precision-5490,Intel(R) Core(TM) Ultra 7 165H,sklib-0.15.0,celegans,63,31,1,diffba,compact,0.9,0.8987,5301562,0.375,6,13325280,389992,0.07356,20.1077,0.0392947,0.154547,0.163838,0.0066341,0.364105
2026-08-17T23:21:18+02:00,yoann-Precision-5490,Intel(R) Core(TM) Ultra 7 165H,sklib-0.15.0,celegans,63,31,8,inter,size,0.9,0.8987,91491574,0.055,7,NA,NA,NA,NA,NA,NA,NA,NA,NA
2026-08-17T23:21:24+02:00,yoann-Precision-5490,Intel(R) Core(TM) Ultra 7 165H,sklib-0.15.0,celegans,63,31,8,inter,nocompact,0.9,0.8987,91491574,2.245,43,3110779068,91491574,1.00000,272.0057,NA,NA,NA,NA,NA
2026-08-17T23:21:27+02:00,yoann-Precision-5490,Intel(R) Core(TM) Ultra 7 165H,sklib-0.15.0,celegans,63,31,8,inter,compact,0.9,0.8987,91491574,0.908,26,187315044,5507338,0.06020,16.3788,NA,NA,NA,NA,NA
2026-08-17T23:21:27+02:00,yoann-Precision-5490,Intel(R) Core(TM) Ultra 7 165H,sklib-0.15.0,celegans,63,31,8,union,size,0.9,0.8987,101803482,0.059,7,NA,NA,NA,NA,NA,NA,NA,NA,NA
2026-08-17T23:21:34+02:00,yoann-Precision-5490,Intel(R) Core(TM) Ultra 7 165H,sklib-0.15.0,celegans,63,31,8,union,nocompact,0.9,0.8987,101803482,2.457,43,3461383940,101803482,1.00000,272.0052,NA,NA,NA,NA,NA
2026-08-17T23:21:37+02:00,yoann-Precision-5490,Intel(R) Core(TM) Ultra 7 165H,sklib-0.15.0,celegans,63,31,8,union,compact,0.9,0.8987,101803482,1.041,27,208151366,6120171,0.06012,16.3571,NA,NA,NA,NA,NA
2026-08-17T23:21:38+02:00,yoann-Precision-5490,Intel(R) Core(TM) Ultra 7 165H,sklib-0.15.0,celegans,63,31,8,diffab,size,0.9,0.8987,5010346,0.065,7,NA,NA,NA,NA,NA,NA,NA,NA,NA
2026-08-17T23:21:38+02:00,yoann-Precision-5490,Intel(R) Core(TM) Ultra 7 165H,sklib-0.15.0,celegans,63,31,8,diffab,nocompact,0.9,0.8987,5010346,0.151,10,170417316,5010346,1.00000,272.1047,NA,NA,NA,NA,NA
2026-08-17T23:21:39+02:00,yoann-Precision-5490,Intel(R) Core(TM) Ultra 7 165H,sklib-0.15.0,celegans,63,31,8,diffab,compact,0.9,0.8987,5010346,0.092,8,12676662,370915,0.07403,20.2408,NA,NA,NA,NA,NA
2026-08-17T23:21:39+02:00,yoann-Precision-5490,Intel(R) Core(TM) Ultra 7 165H,sklib-0.15.0,celegans,63,31,8,diffba,size,0.9,0.8987,5301562,0.060,7,NA,NA,NA,NA,NA,NA,NA,NA,NA
2026-08-17T23:21:39+02:00,yoann-Precision-5490,Intel(R) Core(TM) Ultra 7 165H,sklib-0.15.0,celegans,63,31,8,diffba,nocompact,0.9,0.8987,5301562,0.168,10,180318660,5301562,1.00000,272.0989,NA,NA,NA,NA,NA
2026-08-17T23:21:40+02:00,yoann-Precision-5490,Intel(R) Core(TM) Ultra 7 165H,sklib-0.15.0,celegans,63,31,8,diffba,compact,0.9,0.8987,5301562,0.091,8,13325280,389992,0.07356,20.1077,NA,NA,NA,NA,NA
2026-08-17T23:21:42+02:00,yoann-Precision-5490,Intel(R) Core(TM) Ultra 7 165H,sklib-0.15.0,celegans,63,31,1,inter,size,1.0,1.0000,96501920,0.108,6,NA,NA,NA,NA,NA,NA,NA,NA,NA
2026-08-17T23:22:10+02:00,yoann-Precision-5490,Intel(R) Core(TM) Ultra 7 165H,sklib-0.15.0,celegans,63,31,1,inter,nocompact,1.0,1.0000,96501920,9.324,9,3281130832,96501920,1.00000,272.0054,0.075979,2.66273,4.77596,1.17785,8.69252
2026-08-17T23:22:21+02:00,yoann-Precision-5490,Intel(R) Core(TM) Ultra 7 165H,sklib-0.15.0,celegans,63,31,1,inter,compact,1.0,1.0000,96501920,3.771,8,195008428,5733614,0.05941,16.1662,0.0658071,0.718674,2.82403,0.0855191,3.6901
2026-08-17T23:22:22+02:00,yoann-Precision-5490,Intel(R) Core(TM) Ultra 7 165H,sklib-0.15.0,celegans,63,31,1,union,size,1.0,1.0000,96501920,0.101,6,NA,NA,NA,NA,NA,NA,NA,NA,NA
2026-08-17T23:22:49+02:00,yoann-Precision-5490,Intel(R) Core(TM) Ultra 7 165H,sklib-0.15.0,celegans,63,31,1,union,nocompact,1.0,1.0000,96501920,9.040,9,3281130832,96501920,1.00000,272.0054,0.0750073,2.57626,4.60645,1.14786,8.40558
2026-08-17T23:23:00+02:00,yoann-Precision-5490,Intel(R) Core(TM) Ultra 7 165H,sklib-0.15.0,celegans,63,31,1,union,compact,1.0,1.0000,96501920,3.855,8,195008428,5733614,0.05941,16.1662,0.0656069,0.743233,2.89517,0.0852885,3.78773
2026-08-17T23:23:01+02:00,yoann-Precision-5490,Intel(R) Core(TM) Ultra 7 165H,sklib-0.15.0,celegans,63,31,1,diffab,size,1.0,1.0000,0,0.100,6,NA,NA,NA,NA,NA,NA,NA,NA,NA
2026-08-17T23:23:01+02:00,yoann-Precision-5490,Intel(R) Core(TM) Ultra 7 165H,sklib-0.15.0,celegans,63,31,1,diffab,nocompact,1.0,1.0000,0,0.097,6,65552,0,NA,NA,0.0408995,0.0459603,6.4012e-05,0.000225993,0.0880063
2026-08-17T23:23:01+02:00,yoann-Precision-5490,Intel(R) Core(TM) Ultra 7 165H,sklib-0.15.0,celegans,63,31,1,diffab,compact,1.0,1.0000,0,0.092,6,65552,0,NA,NA,0.0392705,0.043472,6.0899e-05,0.000215177,0.0837954
2026-08-17T23:23:02+02:00,yoann-Precision-5490,Intel(R) Core(TM) Ultra 7 165H,sklib-0.15.0,celegans,63,31,1,diffba,size,1.0,1.0000,0,0.102,5,NA,NA,NA,NA,NA,NA,NA,NA,NA
2026-08-17T23:23:02+02:00,yoann-Precision-5490,Intel(R) Core(TM) Ultra 7 165H,sklib-0.15.0,celegans,63,31,1,diffba,nocompact,1.0,1.0000,0,0.092,6,65552,0,NA,NA,0.0394938,0.0441207,6.2496e-05,0.000237178,0.08392
2026-08-17T23:23:03+02:00,yoann-Precision-5490,Intel(R) Core(TM) Ultra 7 165H,sklib-0.15.0,celegans,63,31,1,diffba,compact,1.0,1.0000,0,0.095,6,65552,0,NA,NA,0.0403336,0.0458309,6.2575e-05,0.000221223,0.0864396
2026-08-17T23:23:03+02:00,yoann-Precision-5490,Intel(R) Core(TM) Ultra 7 165H,sklib-0.15.0,celegans,63,31,8,inter,size,1.0,1.0000,96501920,0.051,7,NA,NA,NA,NA,NA,NA,NA,NA,NA
2026-08-17T23:23:09+02:00,yoann-Precision-5490,Intel(R) Core(TM) Ultra 7 165H,sklib-0.15.0,celegans,63,31,8,inter,nocompact,1.0,1.0000,96501920,2.315,45,3281130832,96501920,1.00000,272.0054,NA,NA,NA,NA,NA
2026-08-17T23:23:12+02:00,yoann-Precision-5490,Intel(R) Core(TM) Ultra 7 165H,sklib-0.15.0,celegans,63,31,8,inter,compact,1.0,1.0000,96501920,0.925,26,195008428,5733614,0.05941,16.1662,NA,NA,NA,NA,NA
2026-08-17T23:23:12+02:00,yoann-Precision-5490,Intel(R) Core(TM) Ultra 7 165H,sklib-0.15.0,celegans,63,31,8,union,size,1.0,1.0000,96501920,0.053,7,NA,NA,NA,NA,NA,NA,NA,NA,NA
2026-08-17T23:23:19+02:00,yoann-Precision-5490,Intel(R) Core(TM) Ultra 7 165H,sklib-0.15.0,celegans,63,31,8,union,nocompact,1.0,1.0000,96501920,2.423,44,3281130832,96501920,1.00000,272.0054,NA,NA,NA,NA,NA
2026-08-17T23:23:22+02:00,yoann-Precision-5490,Intel(R) Core(TM) Ultra 7 165H,sklib-0.15.0,celegans,63,31,8,union,compact,1.0,1.0000,96501920,0.986,27,195008428,5733614,0.05941,16.1662,NA,NA,NA,NA,NA
2026-08-17T23:23:22+02:00,yoann-Precision-5490,Intel(R) Core(TM) Ultra 7 165H,sklib-0.15.0,celegans,63,31,8,diffab,size,1.0,1.0000,0,0.057,7,NA,NA,NA,NA,NA,NA,NA,NA,NA
2026-08-17T23:23:23+02:00,yoann-Precision-5490,Intel(R) Core(TM) Ultra 7 165H,sklib-0.15.0,celegans,63,31,8,diffab,nocompact,1.0,1.0000,0,0.025,7,65552,0,NA,NA,NA,NA,NA,NA,NA
2026-08-17T23:23:23+02:00,yoann-Precision-5490,Intel(R) Core(TM) Ultra 7 165H,sklib-0.15.0,celegans,63,31,8,diffab,compact,1.0,1.0000,0,0.025,7,65552,0,NA,NA,NA,NA,NA,NA,NA
2026-08-17T23:23:23+02:00,yoann-Precision-5490,Intel(R) Core(TM) Ultra 7 165H,sklib-0.15.0,celegans,63,31,8,diffba,size,1.0,1.0000,0,0.054,7,NA,NA,NA,NA,NA,NA,NA,NA,NA
2026-08-17T23:23:23+02:00,yoann-Precision-5490,Intel(R) Core(TM) Ultra 7 165H,sklib-0.15.0,celegans,63,31,8,diffba,nocompact,1.0,1.0000,0,0.025,7,65552,0,NA,NA,NA,NA,NA,NA,NA
2026-08-17T23:23:23+02:00,yoann-Precision-5490,Intel(R) Core(TM) Ultra 7 165H,sklib-0.15.0,celegans,63,31,8,diffba,compact,1.0,1.0000,0,0.022,7,65552,0,NA,NA,NA,NA,NA,NA,NA
2026-08-17T23:23:40+02:00,yoann-Precision-5490,Intel(R) Core(TM) Ultra 7 165H,sklib-0.15.0,chr1,31,15,1,inter,size,0,0.0000,0,3.031,8,NA,NA,NA,NA,NA,NA,NA,NA,NA
2026-08-17T23:23:50+02:00,yoann-Precision-5490,Intel(R) Core(TM) Ultra 7 165H,sklib-0.15.0,chr1,31,15,1,inter,nocompact,0,0.0000,0,3.343,7,65552,0,NA,NA,0.108421,3.22347,7.3775e-05,0.000397606,3.33341
2026-08-17T23:24:00+02:00,yoann-Precision-5490,Intel(R) Core(TM) Ultra 7 165H,sklib-0.15.0,chr1,31,15,1,inter,compact,0,0.0000,0,3.316,7,65552,0,NA,NA,0.105152,3.20285,7.1809e-05,0.000399016,3.30847
2026-08-17T23:24:09+02:00,yoann-Precision-5490,Intel(R) Core(TM) Ultra 7 165H,sklib-0.15.0,chr1,31,15,1,union,size,0,0.0000,434632067,2.823,7,NA,NA,NA,NA,NA,NA,NA,NA,NA
2026-08-17T23:25:15+02:00,yoann-Precision-5490,Intel(R) Core(TM) Ultra 7 165H,sklib-0.15.0,chr1,31,15,1,union,nocompact,0,0.0000,434632067,21.973,18,7823442758,434632067,1.00000,144.0012,0.144247,4.31982,14.4908,2.32453,21.2807
2026-08-17T23:26:10+02:00,yoann-Precision-5490,Intel(R) Core(TM) Ultra 7 165H,sklib-0.15.0,chr1,31,15,1,union,compact,0,0.0000,434632067,18.335,20,952196090,52896141,0.12170,17.5265,0.136639,3.85903,13.9525,0.312371,18.2793
2026-08-17T23:26:18+02:00,yoann-Precision-5490,Intel(R) Core(TM) Ultra 7 165H,sklib-0.15.0,chr1,31,15,1,diffab,size,0,0.0000,204155258,2.778,7,NA,NA,NA,NA,NA,NA,NA,NA,NA
2026-08-17T23:26:54+02:00,yoann-Precision-5490,Intel(R) Core(TM) Ultra 7 165H,sklib-0.15.0,chr1,31,15,1,diffab,nocompact,0,0.0000,204155258,11.787,16,3674860196,204155258,1.00000,144.0026,0.139292,3.71068,6.62769,1.05569,11.5336
2026-08-17T23:27:25+02:00,yoann-Precision-5490,Intel(R) Core(TM) Ultra 7 165H,sklib-0.15.0,chr1,31,15,1,diffab,compact,0,0.0000,204155258,10.587,17,464576540,25806166,0.12640,18.2048,0.133676,3.4746,6.70788,0.180515,10.4967
2026-08-17T23:27:34+02:00,yoann-Precision-5490,Intel(R) Core(TM) Ultra 7 165H,sklib-0.15.0,chr1,31,15,1,diffba,size,0,0.0000,230476809,2.733,7,NA,NA,NA,NA,NA,NA,NA,NA,NA
2026-08-17T23:28:20+02:00,yoann-Precision-5490,Intel(R) Core(TM) Ultra 7 165H,sklib-0.15.0,chr1,31,15,1,diffba,nocompact,0,0.0000,230476809,15.695,11,4148648114,230476809,1.00000,144.0023,0.144759,4.97277,7.55116,2.20898,14.8815
2026-08-17T23:28:53+02:00,yoann-Precision-5490,Intel(R) Core(TM) Ultra 7 165H,sklib-0.15.0,chr1,31,15,1,diffba,compact,0,0.0000,230476809,10.849,10,473641448,26309772,0.11415,16.4404,0.134369,3.57864,6.94591,0.179656,10.8396
2026-08-17T23:28:54+02:00,yoann-Precision-5490,Intel(R) Core(TM) Ultra 7 165H,sklib-0.15.0,chr1,31,15,8,inter,size,0,0.0000,0,0.490,18,NA,NA,NA,NA,NA,NA,NA,NA,NA
2026-08-17T23:28:56+02:00,yoann-Precision-5490,Intel(R) Core(TM) Ultra 7 165H,sklib-0.15.0,chr1,31,15,8,inter,nocompact,0,0.0000,0,0.514,17,65552,0,NA,NA,NA,NA,NA,NA,NA
2026-08-17T23:28:57+02:00,yoann-Precision-5490,Intel(R) Core(TM) Ultra 7 165H,sklib-0.15.0,chr1,31,15,8,inter,compact,0,0.0000,0,0.514,17,65552,0,NA,NA,NA,NA,NA,NA,NA
2026-08-17T23:28:59+02:00,yoann-Precision-5490,Intel(R) Core(TM) Ultra 7 165H,sklib-0.15.0,chr1,31,15,8,union,size,0,0.0000,434632067,0.505,18,NA,NA,NA,NA,NA,NA,NA,NA,NA
2026-08-17T23:29:16+02:00,yoann-Precision-5490,Intel(R) Core(TM) Ultra 7 165H,sklib-0.15.0,chr1,31,15,8,union,nocompact,0,0.0000,434632067,5.968,91,7823442758,434632067,1.00000,144.0012,NA,NA,NA,NA,NA
2026-08-17T23:29:30+02:00,yoann-Precision-5490,Intel(R) Core(TM) Ultra 7 165H,sklib-0.15.0,chr1,31,15,8,union,compact,0,0.0000,434632067,4.582,89,952196090,52896141,0.12170,17.5265,NA,NA,NA,NA,NA
2026-08-17T23:29:32+02:00,yoann-Precision-5490,Intel(R) Core(TM) Ultra 7 165H,sklib-0.15.0,chr1,31,15,8,diffab,size,0,0.0000,204155258,0.550,17,NA,NA,NA,NA,NA,NA,NA,NA,NA
2026-08-17T23:29:41+02:00,yoann-Precision-5490,Intel(R) Core(TM) Ultra 7 165H,sklib-0.15.0,chr1,31,15,8,diffab,nocompact,0,0.0000,204155258,3.248,66,3674860196,204155258,1.00000,144.0026,NA,NA,NA,NA,NA
2026-08-17T23:29:49+02:00,yoann-Precision-5490,Intel(R) Core(TM) Ultra 7 165H,sklib-0.15.0,chr1,31,15,8,diffab,compact,0,0.0000,204155258,2.597,64,464576540,25806166,0.12640,18.2048,NA,NA,NA,NA,NA
2026-08-17T23:29:51+02:00,yoann-Precision-5490,Intel(R) Core(TM) Ultra 7 165H,sklib-0.15.0,chr1,31,15,8,diffba,size,0,0.0000,230476809,0.601,17,NA,NA,NA,NA,NA,NA,NA,NA,NA
2026-08-17T23:30:01+02:00,yoann-Precision-5490,Intel(R) Core(TM) Ultra 7 165H,sklib-0.15.0,chr1,31,15,8,diffba,nocompact,0,0.0000,230476809,3.757,55,4148648114,230476809,1.00000,144.0023,NA,NA,NA,NA,NA
2026-08-17T23:30:10+02:00,yoann-Precision-5490,Intel(R) Core(TM) Ultra 7 165H,sklib-0.15.0,chr1,31,15,8,diffba,compact,0,0.0000,230476809,2.781,42,473641448,26309772,0.11415,16.4404,NA,NA,NA,NA,NA
2026-08-17T23:30:24+02:00,yoann-Precision-5490,Intel(R) Core(TM) Ultra 7 165H,sklib-0.15.0,chr1,31,15,1,inter,size,0.1,0.1029,39992401,3.172,9,NA,NA,NA,NA,NA,NA,NA,NA,NA
2026-08-17T23:30:40+02:00,yoann-Precision-5490,Intel(R) Core(TM) Ultra 7 165H,sklib-0.15.0,chr1,31,15,1,inter,nocompact,0.1,0.1029,39992401,5.334,11,719928770,39992401,1.00000,144.0131,0.125606,3.51185,1.26832,0.233586,5.14101
2026-08-17T23:30:56+02:00,yoann-Precision-5490,Intel(R) Core(TM) Ultra 7 165H,sklib-0.15.0,chr1,31,15,1,inter,compact,0.1,0.1029,39992401,5.086,11,121353782,6738235,0.16849,24.2754,0.124358,3.42527,1.41076,0.0649216,5.02221
2026-08-17T23:31:05+02:00,yoann-Precision-5490,Intel(R) Core(TM) Ultra 7 165H,sklib-0.15.0,chr1,31,15,1,union,size,0.1,0.1029,388497479,3.073,9,NA,NA,NA,NA,NA,NA,NA,NA,NA
2026-08-17T23:32:05+02:00,yoann-Precision-5490,Intel(R) Core(TM) Ultra 7 165H,sklib-0.15.0,chr1,31,15,1,union,nocompact,0.1,0.1029,388497479,20.405,19,6993020174,388497479,1.00000,144.0013,0.148517,4.36897,12.7166,2.07103,19.2664
2026-08-17T23:32:59+02:00,yoann-Precision-5490,Intel(R) Core(TM) Ultra 7 165H,sklib-0.15.0,chr1,31,15,1,union,compact,0.1,0.1029,388497479,17.748,24,928069646,51555783,0.13271,19.1110,0.141107,3.85623,13.2333,0.305777,17.5364
2026-08-17T23:33:08+02:00,yoann-Precision-5490,Intel(R) Core(TM) Ultra 7 165H,sklib-0.15.0,chr1,31,15,1,diffab,size,0.1,0.1029,164162857,2.957,8,NA,NA,NA,NA,NA,NA,NA,NA,NA
2026-08-17T23:33:39+02:00,yoann-Precision-5490,Intel(R) Core(TM) Ultra 7 165H,sklib-0.15.0,chr1,31,15,1,diffab,nocompact,0.1,0.1029,164162857,10.297,14,2954996978,164162857,1.00000,144.0032,0.14188,3.63624,5.1405,0.826474,9.7451
2026-08-17T23:34:06+02:00,yoann-Precision-5490,Intel(R) Core(TM) Ultra 7 165H,sklib-0.15.0,chr1,31,15,1,diffab,compact,0.1,0.1029,164162857,9.042,14,402280808,22345292,0.13612,19.6040,0.135915,3.51597,5.22004,0.156551,9.0323
2026-08-17T23:34:15+02:00,yoann-Precision-5490,Intel(R) Core(TM) Ultra 7 165H,sklib-0.15.0,chr1,31,15,1,diffba,size,0.1,0.1029,184342221,2.957,9,NA,NA,NA,NA,NA,NA,NA,NA,NA
2026-08-17T23:34:49+02:00,yoann-Precision-5490,Intel(R) Core(TM) Ultra 7 165H,sklib-0.15.0,chr1,31,15,1,diffba,nocompact,0.1,0.1029,184342221,11.435,13,3318225530,184342221,1.00000,144.0028,0.143164,3.84168,5.95143,0.944969,10.889
2026-08-17T23:35:19+02:00,yoann-Precision-5490,Intel(R) Core(TM) Ultra 7 165H,sklib-0.15.0,chr1,31,15,1,diffba,compact,0.1,0.1029,184342221,9.883,15,439934612,24437170,0.13256,19.0921,0.138028,3.63806,5.80336,0.168686,9.74944
2026-08-17T23:35:20+02:00,yoann-Precision-5490,Intel(R) Core(TM) Ultra 7 165H,sklib-0.15.0,chr1,31,15,8,inter,size,0.1,0.1029,39992401,0.502,22,NA,NA,NA,NA,NA,NA,NA,NA,NA
2026-08-17T23:35:23+02:00,yoann-Precision-5490,Intel(R) Core(TM) Ultra 7 165H,sklib-0.15.0,chr1,31,15,8,inter,nocompact,0.1,0.1029,39992401,0.998,32,719928770,39992401,1.00000,144.0131,NA,NA,NA,NA,NA
2026-08-17T23:35:26+02:00,yoann-Precision-5490,Intel(R) Core(TM) Ultra 7 165H,sklib-0.15.0,chr1,31,15,8,inter,compact,0.1,0.1029,39992401,0.928,34,121353782,6738235,0.16849,24.2754,NA,NA,NA,NA,NA
2026-08-17T23:35:28+02:00,yoann-Precision-5490,Intel(R) Core(TM) Ultra 7 165H,sklib-0.15.0,chr1,31,15,8,union,size,0.1,0.1029,388497479,0.536,20,NA,NA,NA,NA,NA,NA,NA,NA,NA
2026-08-17T23:35:43+02:00,yoann-Precision-5490,Intel(R) Core(TM) Ultra 7 165H,sklib-0.15.0,chr1,31,15,8,union,nocompact,0.1,0.1029,388497479,5.468,101,6993020174,388497479,1.00000,144.0013,NA,NA,NA,NA,NA
2026-08-17T23:35:57+02:00,yoann-Precision-5490,Intel(R) Core(TM) Ultra 7 165H,sklib-0.15.0,chr1,31,15,8,union,compact,0.1,0.1029,388497479,4.496,107,928069646,51555783,0.13271,19.1110,NA,NA,NA,NA,NA
2026-08-17T23:35:59+02:00,yoann-Precision-5490,Intel(R) Core(TM) Ultra 7 165H,sklib-0.15.0,chr1,31,15,8,diffab,size,0.1,0.1029,164162857,0.600,20,NA,NA,NA,NA,NA,NA,NA,NA,NA
2026-08-17T23:36:07+02:00,yoann-Precision-5490,Intel(R) Core(TM) Ultra 7 165H,sklib-0.15.0,chr1,31,15,8,diffab,nocompact,0.1,0.1029,164162857,2.743,54,2954996978,164162857,1.00000,144.0032,NA,NA,NA,NA,NA
2026-08-17T23:36:13+02:00,yoann-Precision-5490,Intel(R) Core(TM) Ultra 7 165H,sklib-0.15.0,chr1,31,15,8,diffab,compact,0.1,0.1029,164162857,2.178,56,402280808,22345292,0.13612,19.6040,NA,NA,NA,NA,NA
2026-08-17T23:36:15+02:00,yoann-Precision-5490,Intel(R) Core(TM) Ultra 7 165H,sklib-0.15.0,chr1,31,15,8,diffba,size,0.1,0.1029,184342221,0.620,21,NA,NA,NA,NA,NA,NA,NA,NA,NA
2026-08-17T23:36:24+02:00,yoann-Precision-5490,Intel(R) Core(TM) Ultra 7 165H,sklib-0.15.0,chr1,31,15,8,diffba,nocompact,0.1,0.1029,184342221,3.079,59,3318225530,184342221,1.00000,144.0028,NA,NA,NA,NA,NA
2026-08-17T23:36:31+02:00,yoann-Precision-5490,Intel(R) Core(TM) Ultra 7 165H,sklib-0.15.0,chr1,31,15,8,diffba,compact,0.1,0.1029,184342221,2.442,55,439934612,24437170,0.13256,19.0921,NA,NA,NA,NA,NA
2026-08-17T23:36:45+02:00,yoann-Precision-5490,Intel(R) Core(TM) Ultra 7 165H,sklib-0.15.0,chr1,31,15,1,inter,size,0.3,0.2993,96942016,3.038,8,NA,NA,NA,NA,NA,NA,NA,NA,NA
2026-08-17T23:37:08+02:00,yoann-Precision-5490,Intel(R) Core(TM) Ultra 7 165H,sklib-0.15.0,chr1,31,15,1,inter,nocompact,0.3,0.2993,96942016,7.512,13,1745021840,96942016,1.00000,144.0054,0.13214,3.45663,3.09105,0.509944,7.18976
2026-08-17T23:37:29+02:00,yoann-Precision-5490,Intel(R) Core(TM) Ultra 7 165H,sklib-0.15.0,chr1,31,15,1,inter,compact,0.3,0.2993,96942016,6.990,13,251774492,13983830,0.14425,20.7773,0.132373,3.37353,3.28209,0.112904,6.90103
2026-08-17T23:37:37+02:00,yoann-Precision-5490,Intel(R) Core(TM) Ultra 7 165H,sklib-0.15.0,chr1,31,15,1,union,size,0.3,0.2993,323877839,2.844,8,NA,NA,NA,NA,NA,NA,NA,NA,NA
2026-08-17T23:38:29+02:00,yoann-Precision-5490,Intel(R) Core(TM) Ultra 7 165H,sklib-0.15.0,chr1,31,15,1,union,nocompact,0.3,0.2993,323877839,17.255,19,5829866654,323877839,1.00000,144.0016,0.147498,4.05043,10.3767,1.70311,16.278
2026-08-17T23:39:15+02:00,yoann-Precision-5490,Intel(R) Core(TM) Ultra 7 165H,sklib-0.15.0,chr1,31,15,1,union,compact,0.3,0.2993,323877839,15.346,22,777367544,43183444,0.13333,19.2015,0.138321,3.64198,11.1318,0.26281,15.1753
2026-08-17T23:39:24+02:00,yoann-Precision-5490,Intel(R) Core(TM) Ultra 7 165H,sklib-0.15.0,chr1,31,15,1,diffab,size,0.3,0.2993,107213242,2.907,8,NA,NA,NA,NA,NA,NA,NA,NA,NA
2026-08-17T23:39:47+02:00,yoann-Precision-5490,Intel(R) Core(TM) Ultra 7 165H,sklib-0.15.0,chr1,31,15,1,diffab,nocompact,0.3,0.2993,107213242,7.702,12,1929903908,107213242,1.00000,144.0049,0.131396,3.29377,3.2929,0.555822,7.2736
2026-08-17T23:40:07+02:00,yoann-Precision-5490,Intel(R) Core(TM) Ultra 7 165H,sklib-0.15.0,chr1,31,15,1,diffab,compact,0.3,0.2993,107213242,6.879,12,274062830,15222071,0.14198,20.4499,0.129808,3.19251,3.35478,0.115343,6.79432
2026-08-17T23:40:16+02:00,yoann-Precision-5490,Intel(R) Core(TM) Ultra 7 165H,sklib-0.15.0,chr1,31,15,1,diffba,size,0.3,0.2993,119722581,2.876,8,NA,NA,NA,NA,NA,NA,NA,NA,NA
2026-08-17T23:40:41+02:00,yoann-Precision-5490,Intel(R) Core(TM) Ultra 7 165H,sklib-0.15.0,chr1,31,15,1,diffba,nocompact,0.3,0.2993,119722581,8.262,13,2155072010,119722581,1.00000,144.0044,0.131855,3.36433,3.69867,0.604693,7.79716
2026-08-17T23:41:03+02:00,yoann-Precision-5490,Intel(R) Core(TM) Ultra 7 165H,sklib-0.15.0,chr1,31,15,1,diffba,compact,0.3,0.2993,119722581,7.467,13,300284276,16678818,0.13931,20.0653,0.132732,3.28417,3.84699,0.124897,7.3929
2026-08-17T23:41:05+02:00,yoann-Precision-5490,Intel(R) Core(TM) Ultra 7 165H,sklib-0.15.0,chr1,31,15,8,inter,size,0.3,0.2993,96942016,0.489,21,NA,NA,NA,NA,NA,NA,NA,NA,NA
2026-08-17T23:41:10+02:00,yoann-Precision-5490,Intel(R) Core(TM) Ultra 7 165H,sklib-0.15.0,chr1,31,15,8,inter,nocompact,0.3,0.2993,96942016,1.639,45,1745021840,96942016,1.00000,144.0054,NA,NA,NA,NA,NA
2026-08-17T23:41:14+02:00,yoann-Precision-5490,Intel(R) Core(TM) Ultra 7 165H,sklib-0.15.0,chr1,31,15,8,inter,compact,0.3,0.2993,96942016,1.419,45,251774492,13983830,0.14425,20.7773,NA,NA,NA,NA,NA
2026-08-17T23:41:16+02:00,yoann-Precision-5490,Intel(R) Core(TM) Ultra 7 165H,sklib-0.15.0,chr1,31,15,8,union,size,0.3,0.2993,323877839,0.528,21,NA,NA,NA,NA,NA,NA,NA,NA,NA
2026-08-17T23:41:29+02:00,yoann-Precision-5490,Intel(R) Core(TM) Ultra 7 165H,sklib-0.15.0,chr1,31,15,8,union,nocompact,0.3,0.2993,323877839,4.764,102,5829866654,323877839,1.00000,144.0016,NA,NA,NA,NA,NA
2026-08-17T23:41:40+02:00,yoann-Precision-5490,Intel(R) Core(TM) Ultra 7 165H,sklib-0.15.0,chr1,31,15,8,union,compact,0.3,0.2993,323877839,3.566,94,777367544,43183444,0.13333,19.2015,NA,NA,NA,NA,NA
2026-08-17T23:41:42+02:00,yoann-Precision-5490,Intel(R) Core(TM) Ultra 7 165H,sklib-0.15.0,chr1,31,15,8,diffab,size,0.3,0.2993,107213242,0.553,20,NA,NA,NA,NA,NA,NA,NA,NA,NA
2026-08-17T23:41:47+02:00,yoann-Precision-5490,Intel(R) Core(TM) Ultra 7 165H,sklib-0.15.0,chr1,31,15,8,diffab,nocompact,0.3,0.2993,107213242,1.939,42,1929903908,107213242,1.00000,144.0049,NA,NA,NA,NA,NA
2026-08-17T23:41:52+02:00,yoann-Precision-5490,Intel(R) Core(TM) Ultra 7 165H,sklib-0.15.0,chr1,31,15,8,diffab,compact,0.3,0.2993,107213242,1.580,43,274062830,15222071,0.14198,20.4499,NA,NA,NA,NA,NA
2026-08-17T23:41:54+02:00,yoann-Precision-5490,Intel(R) Core(TM) Ultra 7 165H,sklib-0.15.0,chr1,31,15,8,diffba,size,0.3,0.2993,119722581,0.549,21,NA,NA,NA,NA,NA,NA,NA,NA,NA
2026-08-17T23:42:00+02:00,yoann-Precision-5490,Intel(R) Core(TM) Ultra 7 165H,sklib-0.15.0,chr1,31,15,8,diffba,nocompact,0.3,0.2993,119722581,2.125,49,2155072010,119722581,1.00000,144.0044,NA,NA,NA,NA,NA
2026-08-17T23:42:05+02:00,yoann-Precision-5490,Intel(R) Core(TM) Ultra 7 165H,sklib-0.15.0,chr1,31,15,8,diffba,compact,0.3,0.2993,119722581,1.701,46,300284276,16678818,0.13931,20.0653,NA,NA,NA,NA,NA
2026-08-17T23:42:17+02:00,yoann-Precision-5490,Intel(R) Core(TM) Ultra 7 165H,sklib-0.15.0,chr1,31,15,1,inter,size,0.5,0.4967,138010389,2.284,8,NA,NA,NA,NA,NA,NA,NA,NA,NA
2026-08-17T23:42:43+02:00,yoann-Precision-5490,Intel(R) Core(TM) Ultra 7 165H,sklib-0.15.0,chr1,31,15,1,inter,nocompact,0.5,0.4967,138010389,9.023,15,2484252554,138010389,1.00000,144.0038,0.137608,3.03685,4.57647,0.729836,8.45663
2026-08-17T23:43:07+02:00,yoann-Precision-5490,Intel(R) Core(TM) Ultra 7 165H,sklib-0.15.0,chr1,31,15,1,inter,compact,0.5,0.4967,138010389,7.721,15,336458516,18688498,0.13541,19.5034,0.133875,2.70362,4.68101,0.138262,7.65614
2026-08-17T23:43:13+02:00,yoann-Precision-5490,Intel(R) Core(TM) Ultra 7 165H,sklib-0.15.0,chr1,31,15,1,union,size,0.5,0.4967,277856169,2.109,8,NA,NA,NA,NA,NA,NA,NA,NA,NA
2026-08-17T23:43:56+02:00,yoann-Precision-5490,Intel(R) Core(TM) Ultra 7 165H,sklib-0.15.0,chr1,31,15,1,union,nocompact,0.5,0.4967,277856169,14.546,18,5001476594,277856169,1.00000,144.0019,0.142986,3.24289,8.81273,1.44085,13.659
2026-08-17T23:44:36+02:00,yoann-Precision-5490,Intel(R) Core(TM) Ultra 7 165H,sklib-0.15.0,chr1,31,15,1,union,compact,0.5,0.4967,277856169,12.943,20,660283142,36678755,0.13201,19.0108,0.136821,2.84453,9.70697,0.23009,12.9103
2026-08-17T23:44:42+02:00,yoann-Precision-5490,Intel(R) Core(TM) Ultra 7 165H,sklib-0.15.0,chr1,31,15,1,diffab,size,0.5,0.4967,66144869,2.079,8,NA,NA,NA,NA,NA,NA,NA,NA,NA
2026-08-17T23:44:57+02:00,yoann-Precision-5490,Intel(R) Core(TM) Ultra 7 165H,sklib-0.15.0,chr1,31,15,1,diffab,nocompact,0.5,0.4967,66144869,5.177,10,1190673194,66144869,1.00000,144.0079,0.114736,2.37285,2.05306,0.340671,4.88617
2026-08-17T23:45:11+02:00,yoann-Precision-5490,Intel(R) Core(TM) Ultra 7 165H,sklib-0.15.0,chr1,31,15,1,diffab,compact,0.5,0.4967,66144869,4.574,10,171942224,9548704,0.14436,20.7958,0.109088,2.24685,2.07291,0.0772229,4.50383
2026-08-17T23:45:18+02:00,yoann-Precision-5490,Intel(R) Core(TM) Ultra 7 165H,sklib-0.15.0,chr1,31,15,1,diffba,size,0.5,0.4967,73700911,2.121,8,NA,NA,NA,NA,NA,NA,NA,NA,NA
2026-08-17T23:45:34+02:00,yoann-Precision-5490,Intel(R) Core(TM) Ultra 7 165H,sklib-0.15.0,chr1,31,15,1,diffba,nocompact,0.5,0.4967,73700911,5.501,11,1326681950,73700911,1.00000,144.0071,0.119781,2.42184,2.27111,0.376822,5.18965
2026-08-17T23:45:49+02:00,yoann-Precision-5490,Intel(R) Core(TM) Ultra 7 165H,sklib-0.15.0,chr1,31,15,1,diffba,compact,0.5,0.4967,73700911,4.805,11,188448620,10465726,0.14200,20.4555,0.114625,2.29805,2.24945,0.0846353,4.7444
2026-08-17T23:45:50+02:00,yoann-Precision-5490,Intel(R) Core(TM) Ultra 7 165H,sklib-0.15.0,chr1,31,15,8,inter,size,0.5,0.4967,138010389,0.351,19,NA,NA,NA,NA,NA,NA,NA,NA,NA
2026-08-17T23:45:56+02:00,yoann-Precision-5490,Intel(R) Core(TM) Ultra 7 165H,sklib-0.15.0,chr1,31,15,8,inter,nocompact,0.5,0.4967,138010389,2.113,53,2484252554,138010389,1.00000,144.0038,NA,NA,NA,NA,NA
2026-08-17T23:46:01+02:00,yoann-Precision-5490,Intel(R) Core(TM) Ultra 7 165H,sklib-0.15.0,chr1,31,15,8,inter,compact,0.5,0.4967,138010389,1.684,55,336458516,18688498,0.13541,19.5034,NA,NA,NA,NA,NA
2026-08-17T23:46:02+02:00,yoann-Precision-5490,Intel(R) Core(TM) Ultra 7 165H,sklib-0.15.0,chr1,31,15,8,union,size,0.5,0.4967,277856169,0.385,19,NA,NA,NA,NA,NA,NA,NA,NA,NA
2026-08-17T23:46:14+02:00,yoann-Precision-5490,Intel(R) Core(TM) Ultra 7 165H,sklib-0.15.0,chr1,31,15,8,union,nocompact,0.5,0.4967,277856169,4.075,83,5001476594,277856169,1.00000,144.0019,NA,NA,NA,NA,NA
2026-08-17T23:46:23+02:00,yoann-Precision-5490,Intel(R) Core(TM) Ultra 7 165H,sklib-0.15.0,chr1,31,15,8,union,compact,0.5,0.4967,277856169,3.212,87,660283142,36678755,0.13201,19.0108,NA,NA,NA,NA,NA
2026-08-17T23:46:25+02:00,yoann-Precision-5490,Intel(R) Core(TM) Ultra 7 165H,sklib-0.15.0,chr1,31,15,8,diffab,size,0.5,0.4967,66144869,0.414,19,NA,NA,NA,NA,NA,NA,NA,NA,NA
2026-08-17T23:46:29+02:00,yoann-Precision-5490,Intel(R) Core(TM) Ultra 7 165H,sklib-0.15.0,chr1,31,15,8,diffab,nocompact,0.5,0.4967,66144869,1.299,33,1190673194,66144869,1.00000,144.0079,NA,NA,NA,NA,NA
2026-08-17T23:46:32+02:00,yoann-Precision-5490,Intel(R) Core(TM) Ultra 7 165H,sklib-0.15.0,chr1,31,15,8,diffab,compact,0.5,0.4967,66144869,1.040,32,171942224,9548704,0.14436,20.7958,NA,NA,NA,NA,NA
2026-08-17T23:46:33+02:00,yoann-Precision-5490,Intel(R) Core(TM) Ultra 7 165H,sklib-0.15.0,chr1,31,15,8,diffba,size,0.5,0.4967,73700911,0.429,19,NA,NA,NA,NA,NA,NA,NA,NA,NA
2026-08-17T23:46:37+02:00,yoann-Precision-5490,Intel(R) Core(TM) Ultra 7 165H,sklib-0.15.0,chr1,31,15,8,diffba,nocompact,0.5,0.4967,73700911,1.373,37,1326681950,73700911,1.00000,144.0071,NA,NA,NA,NA,NA
2026-08-17T23:46:40+02:00,yoann-Precision-5490,Intel(R) Core(TM) Ultra 7 165H,sklib-0.15.0,chr1,31,15,8,diffba,compact,0.5,0.4967,73700911,1.064,34,188448620,10465726,0.14200,20.4555,NA,NA,NA,NA,NA
2026-08-17T23:46:49+02:00,yoann-Precision-5490,Intel(R) Core(TM) Ultra 7 165H,sklib-0.15.0,chr1,31,15,1,inter,size,0.7,0.6957,169146418,1.497,8,NA,NA,NA,NA,NA,NA,NA,NA,NA
2026-08-17T23:47:18+02:00,yoann-Precision-5490,Intel(R) Core(TM) Ultra 7 165H,sklib-0.15.0,chr1,31,15,1,inter,nocompact,0.7,0.6957,169146418,9.466,13,3044701076,169146418,1.00000,144.0031,0.139354,2.4171,5.63131,0.882594,9.07036
2026-08-17T23:47:41+02:00,yoann-Precision-5490,Intel(R) Core(TM) Ultra 7 165H,sklib-0.15.0,chr1,31,15,1,inter,compact,0.7,0.6957,169146418,7.841,15,397803722,22096565,0.13064,18.8146,0.132617,2.07894,5.46172,0.15606,7.83009
2026-08-17T23:47:46+02:00,yoann-Precision-5490,Intel(R) Core(TM) Ultra 7 165H,sklib-0.15.0,chr1,31,15,1,union,size,0.7,0.6957,243139422,1.361,8,NA,NA,NA,NA,NA,NA,NA,NA,NA
2026-08-17T23:48:21+02:00,yoann-Precision-5490,Intel(R) Core(TM) Ultra 7 165H,sklib-0.15.0,chr1,31,15,1,union,nocompact,0.7,0.6957,243139422,11.673,17,4376575148,243139422,1.00000,144.0022,0.13964,2.36069,7.73903,1.24264,11.4713
2026-08-17T23:48:55+02:00,yoann-Precision-5490,Intel(R) Core(TM) Ultra 7 165H,sklib-0.15.0,chr1,31,15,1,union,compact,0.7,0.6957,243139422,11.081,20,569096330,31612821,0.13002,18.7249,0.134732,2.15811,8.49856,0.209223,10.9999
2026-08-17T23:48:59+02:00,yoann-Precision-5490,Intel(R) Core(TM) Ultra 7 165H,sklib-0.15.0,chr1,31,15,1,diffab,size,0.7,0.6957,35008840,1.338,7,NA,NA,NA,NA,NA,NA,NA,NA,NA
2026-08-17T23:49:08+02:00,yoann-Precision-5490,Intel(R) Core(TM) Ultra 7 165H,sklib-0.15.0,chr1,31,15,1,diffab,nocompact,0.7,0.6957,35008840,2.912,9,630224672,35008840,1.00000,144.0150,0.091848,1.43389,1.03507,0.174618,2.73268
2026-08-17T23:49:16+02:00,yoann-Precision-5490,Intel(R) Core(TM) Ultra 7 165H,sklib-0.15.0,chr1,31,15,1,diffab,compact,0.7,0.6957,35008840,2.685,9,91565762,5083345,0.14520,20.9240,0.0935839,1.44027,1.09597,0.0449895,2.67613
2026-08-17T23:49:20+02:00,yoann-Precision-5490,Intel(R) Core(TM) Ultra 7 165H,sklib-0.15.0,chr1,31,15,1,diffba,size,0.7,0.6957,38984164,1.349,8,NA,NA,NA,NA,NA,NA,NA,NA,NA
2026-08-17T23:49:29+02:00,yoann-Precision-5490,Intel(R) Core(TM) Ultra 7 165H,sklib-0.15.0,chr1,31,15,1,diffba,nocompact,0.7,0.6957,38984164,3.106,8,701780504,38984164,1.00000,144.0135,0.0954241,1.50652,1.20016,0.192225,2.99487
2026-08-17T23:49:38+02:00,yoann-Precision-5490,Intel(R) Core(TM) Ultra 7 165H,sklib-0.15.0,chr1,31,15,1,diffba,compact,0.7,0.6957,38984164,2.734,9,100533362,5581545,0.14317,20.6306,0.0928544,1.41845,1.13577,0.0424671,2.69
2026-08-17T23:49:39+02:00,yoann-Precision-5490,Intel(R) Core(TM) Ultra 7 165H,sklib-0.15.0,chr1,31,15,8,inter,size,0.7,0.6957,169146418,0.234,18,NA,NA,NA,NA,NA,NA,NA,NA,NA
2026-08-17T23:49:45+02:00,yoann-Precision-5490,Intel(R) Core(TM) Ultra 7 165H,sklib-0.15.0,chr1,31,15,8,inter,nocompact,0.7,0.6957,169146418,2.429,60,3044701076,169146418,1.00000,144.0031,NA,NA,NA,NA,NA
2026-08-17T23:49:51+02:00,yoann-Precision-5490,Intel(R) Core(TM) Ultra 7 165H,sklib-0.15.0,chr1,31,15,8,inter,compact,0.7,0.6957,169146418,1.804,61,397803722,22096565,0.13064,18.8146,NA,NA,NA,NA,NA
2026-08-17T23:49:52+02:00,yoann-Precision-5490,Intel(R) Core(TM) Ultra 7 165H,sklib-0.15.0,chr1,31,15,8,union,size,0.7,0.6957,243139422,0.261,17,NA,NA,NA,NA,NA,NA,NA,NA,NA
2026-08-17T23:50:01+02:00,yoann-Precision-5490,Intel(R) Core(TM) Ultra 7 165H,sklib-0.15.0,chr1,31,15,8,union,nocompact,0.7,0.6957,243139422,3.435,74,4376575148,243139422,1.00000,144.0022,NA,NA,NA,NA,NA
2026-08-17T23:50:10+02:00,yoann-Precision-5490,Intel(R) Core(TM) Ultra 7 165H,sklib-0.15.0,chr1,31,15,8,union,compact,0.7,0.6957,243139422,2.737,77,569096330,31612821,0.13002,18.7249,NA,NA,NA,NA,NA
2026-08-17T23:50:10+02:00,yoann-Precision-5490,Intel(R) Core(TM) Ultra 7 165H,sklib-0.15.0,chr1,31,15,8,diffab,size,0.7,0.6957,35008840,0.276,17,NA,NA,NA,NA,NA,NA,NA,NA,NA
2026-08-17T23:50:13+02:00,yoann-Precision-5490,Intel(R) Core(TM) Ultra 7 165H,sklib-0.15.0,chr1,31,15,8,diffab,nocompact,0.7,0.6957,35008840,0.710,25,630224672,35008840,1.00000,144.0150,NA,NA,NA,NA,NA
2026-08-17T23:50:14+02:00,yoann-Precision-5490,Intel(R) Core(TM) Ultra 7 165H,sklib-0.15.0,chr1,31,15,8,diffab,compact,0.7,0.6957,35008840,0.595,24,91565762,5083345,0.14520,20.9240,NA,NA,NA,NA,NA
2026-08-17T23:50:15+02:00,yoann-Precision-5490,Intel(R) Core(TM) Ultra 7 165H,sklib-0.15.0,chr1,31,15,8,diffba,size,0.7,0.6957,38984164,0.284,17,NA,NA,NA,NA,NA,NA,NA,NA,NA
2026-08-17T23:50:18+02:00,yoann-Precision-5490,Intel(R) Core(TM) Ultra 7 165H,sklib-0.15.0,chr1,31,15,8,diffba,nocompact,0.7,0.6957,38984164,0.759,26,701780504,38984164,1.00000,144.0135,NA,NA,NA,NA,NA
2026-08-17T23:50:20+02:00,yoann-Precision-5490,Intel(R) Core(TM) Ultra 7 165H,sklib-0.15.0,chr1,31,15,8,diffba,compact,0.7,0.6957,38984164,0.596,24,100533362,5581545,0.14317,20.6306,NA,NA,NA,NA,NA
2026-08-17T23:50:25+02:00,yoann-Precision-5490,Intel(R) Core(TM) Ultra 7 165H,sklib-0.15.0,chr1,31,15,1,inter,size,0.9,0.8973,193666382,0.665,7,NA,NA,NA,NA,NA,NA,NA,NA,NA
2026-08-17T23:50:55+02:00,yoann-Precision-5490,Intel(R) Core(TM) Ultra 7 165H,sklib-0.15.0,chr1,31,15,1,inter,nocompact,0.9,0.8973,193666382,10.172,14,3486060428,193666382,1.00000,144.0027,0.140558,1.84313,6.45484,1.01565,9.45418
2026-08-17T23:51:21+02:00,yoann-Precision-5490,Intel(R) Core(TM) Ultra 7 165H,sklib-0.15.0,chr1,31,15,1,inter,compact,0.9,0.8973,193666382,8.355,16,444691580,24701446,0.12755,18.3694,0.131645,1.53088,6.39246,0.16804,8.22431
2026-08-17T23:51:22+02:00,yoann-Precision-5490,Intel(R) Core(TM) Ultra 7 165H,sklib-0.15.0,chr1,31,15,1,union,size,0.9,0.8973,215830924,0.624,7,NA,NA,NA,NA,NA,NA,NA,NA,NA
2026-08-17T23:51:54+02:00,yoann-Precision-5490,Intel(R) Core(TM) Ultra 7 165H,sklib-0.15.0,chr1,31,15,1,union,nocompact,0.9,0.8973,215830924,10.569,17,3885022184,215830924,1.00000,144.0024,0.138117,1.77664,6.94114,1.1067,9.96333
2026-08-17T23:52:22+02:00,yoann-Precision-5490,Intel(R) Core(TM) Ultra 7 165H,sklib-0.15.0,chr1,31,15,1,union,compact,0.9,0.8973,215830924,9.054,18,496085486,27556663,0.12768,18.3879,0.131877,1.5237,7.21074,0.183085,9.04494
2026-08-17T23:52:23+02:00,yoann-Precision-5490,Intel(R) Core(TM) Ultra 7 165H,sklib-0.15.0,chr1,31,15,1,diffab,size,0.9,0.8973,10488876,0.616,7,NA,NA,NA,NA,NA,NA,NA,NA,NA
2026-08-17T23:52:27+02:00,yoann-Precision-5490,Intel(R) Core(TM) Ultra 7 165H,sklib-0.15.0,chr1,31,15,1,diffab,nocompact,0.9,0.8973,10488876,1.052,7,188865320,10488876,1.00000,144.0500,0.0800792,0.563974,0.295635,0.059419,0.995571
2026-08-17T23:52:30+02:00,yoann-Precision-5490,Intel(R) Core(TM) Ultra 7 165H,sklib-0.15.0,chr1,31,15,1,diffab,compact,0.9,0.8973,10488876,0.969,8,27526784,1525624,0.14545,20.9950,0.0803477,0.547741,0.302482,0.0132422,0.943483
2026-08-17T23:52:32+02:00,yoann-Precision-5490,Intel(R) Core(TM) Ultra 7 165H,sklib-0.15.0,chr1,31,15,1,diffba,size,0.9,0.8973,11675666,0.609,7,NA,NA,NA,NA,NA,NA,NA,NA,NA
2026-08-17T23:52:35+02:00,yoann-Precision-5490,Intel(R) Core(TM) Ultra 7 165H,sklib-0.15.0,chr1,31,15,1,diffba,nocompact,0.9,0.8973,11675666,1.131,7,210227540,11675666,1.00000,144.0449,0.079238,0.578878,0.339361,0.0654017,1.06356
2026-08-17T23:52:38+02:00,yoann-Precision-5490,Intel(R) Core(TM) Ultra 7 165H,sklib-0.15.0,chr1,31,15,1,diffba,compact,0.9,0.8973,11675666,1.025,8,30207362,1674545,0.14342,20.6977,0.0787081,0.560826,0.344336,0.0146679,0.997474
2026-08-17T23:52:39+02:00,yoann-Precision-5490,Intel(R) Core(TM) Ultra 7 165H,sklib-0.15.0,chr1,31,15,8,inter,size,0.9,0.8973,193666382,0.138,14,NA,NA,NA,NA,NA,NA,NA,NA,NA
2026-08-17T23:52:46+02:00,yoann-Precision-5490,Intel(R) Core(TM) Ultra 7 165H,sklib-0.15.0,chr1,31,15,8,inter,nocompact,0.9,0.8973,193666382,2.694,61,3486060428,193666382,1.00000,144.0027,NA,NA,NA,NA,NA
2026-08-17T23:52:52+02:00,yoann-Precision-5490,Intel(R) Core(TM) Ultra 7 165H,sklib-0.15.0,chr1,31,15,8,inter,compact,0.9,0.8973,193666382,1.908,66,444691580,24701446,0.12755,18.3694,NA,NA,NA,NA,NA
2026-08-17T23:52:53+02:00,yoann-Precision-5490,Intel(R) Core(TM) Ultra 7 165H,sklib-0.15.0,chr1,31,15,8,union,size,0.9,0.8973,215830924,0.161,14,NA,NA,NA,NA,NA,NA,NA,NA,NA
2026-08-17T23:53:01+02:00,yoann-Precision-5490,Intel(R) Core(TM) Ultra 7 165H,sklib-0.15.0,chr1,31,15,8,union,nocompact,0.9,0.8973,215830924,3.000,73,3885022184,215830924,1.00000,144.0024,NA,NA,NA,NA,NA
2026-08-17T23:53:08+02:00,yoann-Precision-5490,Intel(R) Core(TM) Ultra 7 165H,sklib-0.15.0,chr1,31,15,8,union,compact,0.9,0.8973,215830924,2.271,71,496085486,27556663,0.12768,18.3879,NA,NA,NA,NA,NA
2026-08-17T23:53:08+02:00,yoann-Precision-5490,Intel(R) Core(TM) Ultra 7 165H,sklib-0.15.0,chr1,31,15,8,diffab,size,0.9,0.8973,10488876,0.161,14,NA,NA,NA,NA,NA,NA,NA,NA,NA
2026-08-17T23:53:09+02:00,yoann-Precision-5490,Intel(R) Core(TM) Ultra 7 165H,sklib-0.15.0,chr1,31,15,8,diffab,nocompact,0.9,0.8973,10488876,0.271,17,188865320,10488876,1.00000,144.0500,NA,NA,NA,NA,NA
2026-08-17T23:53:10+02:00,yoann-Precision-5490,Intel(R) Core(TM) Ultra 7 165H,sklib-0.15.0,chr1,31,15,8,diffab,compact,0.9,0.8973,10488876,0.212,16,27526784,1525624,0.14545,20.9950,NA,NA,NA,NA,NA
2026-08-17T23:53:10+02:00,yoann-Precision-5490,Intel(R) Core(TM) Ultra 7 165H,sklib-0.15.0,chr1,31,15,8,diffba,size,0.9,0.8973,11675666,0.161,15,NA,NA,NA,NA,NA,NA,NA,NA,NA
2026-08-17T23:53:11+02:00,yoann-Precision-5490,Intel(R) Core(TM) Ultra 7 165H,sklib-0.15.0,chr1,31,15,8,diffba,nocompact,0.9,0.8973,11675666,0.286,16,210227540,11675666,1.00000,144.0449,NA,NA,NA,NA,NA
2026-08-17T23:53:12+02:00,yoann-Precision-5490,Intel(R) Core(TM) Ultra 7 165H,sklib-0.15.0,chr1,31,15,8,diffba,compact,0.9,0.8973,11675666,0.225,17,30207362,1674545,0.14342,20.6977,NA,NA,NA,NA,NA
2026-08-17T23:53:17+02:00,yoann-Precision-5490,Intel(R) Core(TM) Ultra 7 165H,sklib-0.15.0,chr1,31,15,1,inter,size,1.0,1.0000,204155258,0.260,7,NA,NA,NA,NA,NA,NA,NA,NA,NA
2026-08-17T23:53:47+02:00,yoann-Precision-5490,Intel(R) Core(TM) Ultra 7 165H,sklib-0.15.0,chr1,31,15,1,inter,nocompact,1.0,1.0000,204155258,10.287,17,3674860196,204155258,1.00000,144.0026,0.139782,1.57758,6.80579,1.07646,9.59961
2026-08-17T23:54:13+02:00,yoann-Precision-5490,Intel(R) Core(TM) Ultra 7 165H,sklib-0.15.0,chr1,31,15,1,inter,compact,1.0,1.0000,204155258,8.292,16,464576540,25806166,0.12640,18.2048,0.130665,1.2717,6.63535,0.172028,8.20975
2026-08-17T23:54:13+02:00,yoann-Precision-5490,Intel(R) Core(TM) Ultra 7 165H,sklib-0.15.0,chr1,31,15,1,union,size,1.0,1.0000,204155258,0.238,7,NA,NA,NA,NA,NA,NA,NA,NA,NA
2026-08-17T23:54:43+02:00,yoann-Precision-5490,Intel(R) Core(TM) Ultra 7 165H,sklib-0.15.0,chr1,31,15,1,union,nocompact,1.0,1.0000,204155258,9.860,17,3674860196,204155258,1.00000,144.0026,0.135426,1.51177,6.47515,1.03129,9.15351
2026-08-17T23:55:07+02:00,yoann-Precision-5490,Intel(R) Core(TM) Ultra 7 165H,sklib-0.15.0,chr1,31,15,1,union,compact,1.0,1.0000,204155258,8.163,17,464576540,25806166,0.12640,18.2048,0.130483,1.23909,6.48744,0.171125,8.02351
2026-08-17T23:55:08+02:00,yoann-Precision-5490,Intel(R) Core(TM) Ultra 7 165H,sklib-0.15.0,chr1,31,15,1,diffab,size,1.0,1.0000,0,0.242,7,NA,NA,NA,NA,NA,NA,NA,NA,NA
2026-08-17T23:55:09+02:00,yoann-Precision-5490,Intel(R) Core(TM) Ultra 7 165H,sklib-0.15.0,chr1,31,15,1,diffab,nocompact,1.0,1.0000,0,0.227,7,65552,0,NA,NA,0.0766028,0.140769,5.7694e-05,0.000179584,0.218532
2026-08-17T23:55:10+02:00,yoann-Precision-5490,Intel(R) Core(TM) Ultra 7 165H,sklib-0.15.0,chr1,31,15,1,diffab,compact,1.0,1.0000,0,0.223,7,65552,0,NA,NA,0.0756313,0.139656,5.6798e-05,0.000172476,0.215033
2026-08-17T23:55:11+02:00,yoann-Precision-5490,Intel(R) Core(TM) Ultra 7 165H,sklib-0.15.0,chr1,31,15,1,diffba,size,1.0,1.0000,0,0.248,7,NA,NA,NA,NA,NA,NA,NA,NA,NA
2026-08-17T23:55:11+02:00,yoann-Precision-5490,Intel(R) Core(TM) Ultra 7 165H,sklib-0.15.0,chr1,31,15,1,diffba,nocompact,1.0,1.0000,0,0.224,7,65552,0,NA,NA,0.0753415,0.140205,5.8626e-05,0.000169487,0.216834
2026-08-17T23:55:12+02:00,yoann-Precision-5490,Intel(R) Core(TM) Ultra 7 165H,sklib-0.15.0,chr1,31,15,1,diffba,compact,1.0,1.0000,0,0.229,7,65552,0,NA,NA,0.0756352,0.144118,5.8122e-05,0.000178272,0.221883
2026-08-17T23:55:13+02:00,yoann-Precision-5490,Intel(R) Core(TM) Ultra 7 165H,sklib-0.15.0,chr1,31,15,8,inter,size,1.0,1.0000,204155258,0.124,12,NA,NA,NA,NA,NA,NA,NA,NA,NA
2026-08-17T23:55:20+02:00,yoann-Precision-5490,Intel(R) Core(TM) Ultra 7 165H,sklib-0.15.0,chr1,31,15,8,inter,nocompact,1.0,1.0000,204155258,2.711,71,3674860196,204155258,1.00000,144.0026,NA,NA,NA,NA,NA
2026-08-17T23:55:26+02:00,yoann-Precision-5490,Intel(R) Core(TM) Ultra 7 165H,sklib-0.15.0,chr1,31,15,8,inter,compact,1.0,1.0000,204155258,1.926,68,464576540,25806166,0.12640,18.2048,NA,NA,NA,NA,NA
2026-08-17T23:55:26+02:00,yoann-Precision-5490,Intel(R) Core(TM) Ultra 7 165H,sklib-0.15.0,chr1,31,15,8,union,size,1.0,1.0000,204155258,0.123,13,NA,NA,NA,NA,NA,NA,NA,NA,NA
2026-08-17T23:55:34+02:00,yoann-Precision-5490,Intel(R) Core(TM) Ultra 7 165H,sklib-0.15.0,chr1,31,15,8,union,nocompact,1.0,1.0000,204155258,2.795,68,3674860196,204155258,1.00000,144.0026,NA,NA,NA,NA,NA
2026-08-17T23:55:40+02:00,yoann-Precision-5490,Intel(R) Core(TM) Ultra 7 165H,sklib-0.15.0,chr1,31,15,8,union,compact,1.0,1.0000,204155258,2.048,69,464576540,25806166,0.12640,18.2048,NA,NA,NA,NA,NA
2026-08-17T23:55:41+02:00,yoann-Precision-5490,Intel(R) Core(TM) Ultra 7 165H,sklib-0.15.0,chr1,31,15,8,diffab,size,1.0,1.0000,0,0.133,12,NA,NA,NA,NA,NA,NA,NA,NA,NA
2026-08-17T23:55:41+02:00,yoann-Precision-5490,Intel(R) Core(TM) Ultra 7 165H,sklib-0.15.0,chr1,31,15,8,diffab,nocompact,1.0,1.0000,0,0.053,13,65552,0,NA,NA,NA,NA,NA,NA,NA
2026-08-17T23:55:41+02:00,yoann-Precision-5490,Intel(R) Core(TM) Ultra 7 165H,sklib-0.15.0,chr1,31,15,8,diffab,compact,1.0,1.0000,0,0.054,12,65552,0,NA,NA,NA,NA,NA,NA,NA
2026-08-17T23:55:42+02:00,yoann-Precision-5490,Intel(R) Core(TM) Ultra 7 165H,sklib-0.15.0,chr1,31,15,8,diffba,size,1.0,1.0000,0,0.125,13,NA,NA,NA,NA,NA,NA,NA,NA,NA
2026-08-17T23:55:42+02:00,yoann-Precision-5490,Intel(R) Core(TM) Ultra 7 165H,sklib-0.15.0,chr1,31,15,8,diffba,nocompact,1.0,1.0000,0,0.053,13,65552,0,NA,NA,NA,NA,NA,NA,NA
2026-08-17T23:55:42+02:00,yoann-Precision-5490,Intel(R) Core(TM) Ultra 7 165H,sklib-0.15.0,chr1,31,15,8,diffba,compact,1.0,1.0000,0,0.051,13,65552,0,NA,NA,NA,NA,NA,NA,NA
2026-08-17T23:56:03+02:00,yoann-Precision-5490,Intel(R) Core(TM) Ultra 7 165H,sklib-0.15.0,chr1,63,31,1,inter,size,0,0.0000,0,3.574,7,NA,NA,NA,NA,NA,NA,NA,NA,NA
2026-08-17T23:56:13+02:00,yoann-Precision-5490,Intel(R) Core(TM) Ultra 7 165H,sklib-0.15.0,chr1,63,31,1,inter,nocompact,0,0.0000,0,3.105,7,65552,0,NA,NA,0.106049,2.99341,7.1807e-05,0.00037521,3.09699
2026-08-17T23:56:22+02:00,yoann-Precision-5490,Intel(R) Core(TM) Ultra 7 165H,sklib-0.15.0,chr1,63,31,1,inter,compact,0,0.0000,0,3.088,7,65552,0,NA,NA,0.105774,2.97294,8.0073e-05,0.000386879,3.07919
2026-08-17T23:56:32+02:00,yoann-Precision-5490,Intel(R) Core(TM) Ultra 7 165H,sklib-0.15.0,chr1,63,31,1,union,size,0,0.0000,450448739,3.504,7,NA,NA,NA,NA,NA,NA,NA,NA,NA
2026-08-17T23:58:18+02:00,yoann-Precision-5490,Intel(R) Core(TM) Ultra 7 165H,sklib-0.15.0,chr1,63,31,1,union,nocompact,0,0.0000,450448739,35.470,27,15315322678,450448739,1.00000,272.0012,0.145518,5.60599,24.0715,4.40668,34.1959
2026-08-17T23:59:16+02:00,yoann-Precision-5490,Intel(R) Core(TM) Ultra 7 165H,sklib-0.15.0,chr1,63,31,1,union,compact,0,0.0000,450448739,19.176,23,917222828,26975214,0.05989,16.2899,0.137722,4.36176,14.4062,0.29662,19.152
2026-08-17T23:59:26+02:00,yoann-Precision-5490,Intel(R) Core(TM) Ultra 7 165H,sklib-0.15.0,chr1,63,31,1,diffab,size,0,0.0000,219975678,3.329,7,NA,NA,NA,NA,NA,NA,NA,NA,NA
2026-08-18T00:00:22+02:00,yoann-Precision-5490,Intel(R) Core(TM) Ultra 7 165H,sklib-0.15.0,chr1,63,31,1,diffab,nocompact,0,0.0000,219975678,18.706,19,7479238604,219975678,1.00000,272.0024,0.141205,4.21538,11.0543,2.17942,17.5894
2026-08-18T00:00:55+02:00,yoann-Precision-5490,Intel(R) Core(TM) Ultra 7 165H,sklib-0.15.0,chr1,63,31,1,diffab,compact,0,0.0000,219975678,10.919,19,456185718,13415299,0.06099,16.5904,0.132463,3.66115,6.88641,0.16894,10.849
2026-08-18T00:01:05+02:00,yoann-Precision-5490,Intel(R) Core(TM) Ultra 7 165H,sklib-0.15.0,chr1,63,31,1,diffba,size,0,0.0000,230473061,3.407,7,NA,NA,NA,NA,NA,NA,NA,NA,NA
2026-08-18T00:02:01+02:00,yoann-Precision-5490,Intel(R) Core(TM) Ultra 7 165H,sklib-0.15.0,chr1,63,31,1,diffba,nocompact,0,0.0000,230473061,18.520,13,7836149626,230473061,1.00000,272.0023,0.142039,4.1372,11.613,2.26305,18.1528
2026-08-18T00:02:35+02:00,yoann-Precision-5490,Intel(R) Core(TM) Ultra 7 165H,sklib-0.15.0,chr1,63,31,1,diffba,compact,0,0.0000,230473061,11.562,12,461102662,13559915,0.05884,16.0054,0.133622,3.75439,7.32965,0.171246,11.4017
2026-08-18T00:02:38+02:00,yoann-Precision-5490,Intel(R) Core(TM) Ultra 7 165H,sklib-0.15.0,chr1,63,31,8,inter,size,0,0.0000,0,0.742,16,NA,NA,NA,NA,NA,NA,NA,NA,NA
2026-08-18T00:02:39+02:00,yoann-Precision-5490,Intel(R) Core(TM) Ultra 7 165H,sklib-0.15.0,chr1,63,31,8,inter,nocompact,0,0.0000,0,0.498,16,65552,0,NA,NA,NA,NA,NA,NA,NA
2026-08-18T00:02:41+02:00,yoann-Precision-5490,Intel(R) Core(TM) Ultra 7 165H,sklib-0.15.0,chr1,63,31,8,inter,compact,0,0.0000,0,0.507,15,65552,0,NA,NA,NA,NA,NA,NA,NA
2026-08-18T00:02:43+02:00,yoann-Precision-5490,Intel(R) Core(TM) Ultra 7 165H,sklib-0.15.0,chr1,63,31,8,union,size,0,0.0000,450448739,0.790,16,NA,NA,NA,NA,NA,NA,NA,NA,NA
2026-08-18T00:03:15+02:00,yoann-Precision-5490,Intel(R) Core(TM) Ultra 7 165H,sklib-0.15.0,chr1,63,31,8,union,nocompact,0,0.0000,450448739,10.599,171,15315322678,450448739,1.00000,272.0012,NA,NA,NA,NA,NA
2026-08-18T00:03:32+02:00,yoann-Precision-5490,Intel(R) Core(TM) Ultra 7 165H,sklib-0.15.0,chr1,63,31,8,union,compact,0,0.0000,450448739,5.478,108,917222828,26975214,0.05989,16.2899,NA,NA,NA,NA,NA
2026-08-18T00:03:34+02:00,yoann-Precision-5490,Intel(R) Core(TM) Ultra 7 165H,sklib-0.15.0,chr1,63,31,8,diffab,size,0,0.0000,219975678,0.944,16,NA,NA,NA,NA,NA,NA,NA,NA,NA
2026-08-18T00:03:52+02:00,yoann-Precision-5490,Intel(R) Core(TM) Ultra 7 165H,sklib-0.15.0,chr1,63,31,8,diffab,nocompact,0,0.0000,219975678,5.631,95,7479238604,219975678,1.00000,272.0024,NA,NA,NA,NA,NA
2026-08-18T00:04:01+02:00,yoann-Precision-5490,Intel(R) Core(TM) Ultra 7 165H,sklib-0.15.0,chr1,63,31,8,diffab,compact,0,0.0000,219975678,2.992,73,456185718,13415299,0.06099,16.5904,NA,NA,NA,NA,NA
2026-08-18T00:04:04+02:00,yoann-Precision-5490,Intel(R) Core(TM) Ultra 7 165H,sklib-0.15.0,chr1,63,31,8,diffba,size,0,0.0000,230473061,0.972,16,NA,NA,NA,NA,NA,NA,NA,NA,NA
2026-08-18T00:04:22+02:00,yoann-Precision-5490,Intel(R) Core(TM) Ultra 7 165H,sklib-0.15.0,chr1,63,31,8,diffba,nocompact,0,0.0000,230473061,6.276,91,7836149626,230473061,1.00000,272.0023,NA,NA,NA,NA,NA
2026-08-18T00:04:31+02:00,yoann-Precision-5490,Intel(R) Core(TM) Ultra 7 165H,sklib-0.15.0,chr1,63,31,8,diffba,compact,0,0.0000,230473061,2.906,53,461102662,13559915,0.05884,16.0054,NA,NA,NA,NA,NA
2026-08-18T00:04:47+02:00,yoann-Precision-5490,Intel(R) Core(TM) Ultra 7 165H,sklib-0.15.0,chr1,63,31,1,inter,size,0.1,0.1010,41197809,3.592,8,NA,NA,NA,NA,NA,NA,NA,NA,NA
2026-08-18T00:05:06+02:00,yoann-Precision-5490,Intel(R) Core(TM) Ultra 7 165H,sklib-0.15.0,chr1,63,31,1,inter,nocompact,0.1,0.1010,41197809,6.304,11,1400791058,41197809,1.00000,272.0127,0.125899,3.49308,1.99147,0.4126,6.02378
2026-08-18T00:05:22+02:00,yoann-Precision-5490,Intel(R) Core(TM) Ultra 7 165H,sklib-0.15.0,chr1,63,31,1,inter,compact,0.1,0.1010,41197809,5.016,9,119566236,3514726,0.08531,23.2180,0.120429,3.4199,1.39108,0.064286,4.99597
2026-08-18T00:05:32+02:00,yoann-Precision-5490,Intel(R) Core(TM) Ultra 7 165H,sklib-0.15.0,chr1,63,31,1,union,size,0.1,0.1010,407983900,3.360,8,NA,NA,NA,NA,NA,NA,NA,NA,NA
2026-08-18T00:07:07+02:00,yoann-Precision-5490,Intel(R) Core(TM) Ultra 7 165H,sklib-0.15.0,chr1,63,31,1,union,nocompact,0.1,0.1010,407983900,31.834,28,13871518152,407983900,1.00000,272.0013,0.139356,5.54652,21.4808,3.91959,31.0863
2026-08-18T00:08:03+02:00,yoann-Precision-5490,Intel(R) Core(TM) Ultra 7 165H,sklib-0.15.0,chr1,63,31,1,union,compact,0.1,0.1010,407983900,18.373,24,879957842,25879185,0.06343,17.2548,0.139295,4.45613,13.4581,0.285067,18.3627
2026-08-18T00:08:13+02:00,yoann-Precision-5490,Intel(R) Core(TM) Ultra 7 165H,sklib-0.15.0,chr1,63,31,1,diffab,size,0.1,0.1010,178777869,3.317,8,NA,NA,NA,NA,NA,NA,NA,NA,NA
2026-08-18T00:09:00+02:00,yoann-Precision-5490,Intel(R) Core(TM) Ultra 7 165H,sklib-0.15.0,chr1,63,31,1,diffab,nocompact,0.1,0.1010,178777869,16.058,18,6078513098,178777869,1.00000,272.0029,0.141861,4.21085,8.93055,1.77056,15.045
2026-08-18T00:09:30+02:00,yoann-Precision-5490,Intel(R) Core(TM) Ultra 7 165H,sklib-0.15.0,chr1,63,31,1,diffab,compact,0.1,0.1010,178777869,9.913,16,405136282,11913845,0.06664,18.1291,0.13234,3.81994,5.66701,0.152734,9.77651
2026-08-18T00:09:40+02:00,yoann-Precision-5490,Intel(R) Core(TM) Ultra 7 165H,sklib-0.15.0,chr1,63,31,1,diffba,size,0.1,0.1010,188008222,3.215,8,NA,NA,NA,NA,NA,NA,NA,NA,NA
2026-08-18T00:10:34+02:00,yoann-Precision-5490,Intel(R) Core(TM) Ultra 7 165H,sklib-0.15.0,chr1,63,31,1,diffba,nocompact,0.1,0.1010,188008222,18.299,16,6392345100,188008222,1.00000,272.0028,0.143732,5.76858,9.26946,2.08194,17.2632
2026-08-18T00:11:05+02:00,yoann-Precision-5490,Intel(R) Core(TM) Ultra 7 165H,sklib-0.15.0,chr1,63,31,1,diffba,compact,0.1,0.1010,188008222,10.213,15,416680948,12253394,0.06517,17.7303,0.134123,3.85855,5.93724,0.158889,10.0897
2026-08-18T00:11:07+02:00,yoann-Precision-5490,Intel(R) Core(TM) Ultra 7 165H,sklib-0.15.0,chr1,63,31,8,inter,size,0.1,0.1010,41197809,0.701,17,NA,NA,NA,NA,NA,NA,NA,NA,NA
2026-08-18T00:11:11+02:00,yoann-Precision-5490,Intel(R) Core(TM) Ultra 7 165H,sklib-0.15.0,chr1,63,31,8,inter,nocompact,0.1,0.1010,41197809,1.338,33,1400791058,41197809,1.00000,272.0127,NA,NA,NA,NA,NA
2026-08-18T00:11:14+02:00,yoann-Precision-5490,Intel(R) Core(TM) Ultra 7 165H,sklib-0.15.0,chr1,63,31,8,inter,compact,0.1,0.1010,41197809,0.923,27,119566236,3514726,0.08531,23.2180,NA,NA,NA,NA,NA
2026-08-18T00:11:16+02:00,yoann-Precision-5490,Intel(R) Core(TM) Ultra 7 165H,sklib-0.15.0,chr1,63,31,8,union,size,0.1,0.1010,407983900,0.790,16,NA,NA,NA,NA,NA,NA,NA,NA,NA
2026-08-18T00:11:44+02:00,yoann-Precision-5490,Intel(R) Core(TM) Ultra 7 165H,sklib-0.15.0,chr1,63,31,8,union,nocompact,0.1,0.1010,407983900,9.721,164,13871518152,407983900,1.00000,272.0013,NA,NA,NA,NA,NA
2026-08-18T00:11:59+02:00,yoann-Precision-5490,Intel(R) Core(TM) Ultra 7 165H,sklib-0.15.0,chr1,63,31,8,union,compact,0.1,0.1010,407983900,4.968,113,879957842,25879185,0.06343,17.2548,NA,NA,NA,NA,NA
2026-08-18T00:12:02+02:00,yoann-Precision-5490,Intel(R) Core(TM) Ultra 7 165H,sklib-0.15.0,chr1,63,31,8,diffab,size,0.1,0.1010,178777869,0.783,16,NA,NA,NA,NA,NA,NA,NA,NA,NA
2026-08-18T00:12:16+02:00,yoann-Precision-5490,Intel(R) Core(TM) Ultra 7 165H,sklib-0.15.0,chr1,63,31,8,diffab,nocompact,0.1,0.1010,178777869,4.856,101,6078513098,178777869,1.00000,272.0029,NA,NA,NA,NA,NA
2026-08-18T00:12:23+02:00,yoann-Precision-5490,Intel(R) Core(TM) Ultra 7 165H,sklib-0.15.0,chr1,63,31,8,diffab,compact,0.1,0.1010,178777869,2.559,64,405136282,11913845,0.06664,18.1291,NA,NA,NA,NA,NA
2026-08-18T00:12:26+02:00,yoann-Precision-5490,Intel(R) Core(TM) Ultra 7 165H,sklib-0.15.0,chr1,63,31,8,diffba,size,0.1,0.1010,188008222,0.892,17,NA,NA,NA,NA,NA,NA,NA,NA,NA
2026-08-18T00:12:41+02:00,yoann-Precision-5490,Intel(R) Core(TM) Ultra 7 165H,sklib-0.15.0,chr1,63,31,8,diffba,nocompact,0.1,0.1010,188008222,5.320,85,6392345100,188008222,1.00000,272.0028,NA,NA,NA,NA,NA
2026-08-18T00:12:49+02:00,yoann-Precision-5490,Intel(R) Core(TM) Ultra 7 165H,sklib-0.15.0,chr1,63,31,8,diffba,compact,0.1,0.1010,188008222,2.615,54,416680948,12253394,0.06517,17.7303,NA,NA,NA,NA,NA
2026-08-18T00:13:03+02:00,yoann-Precision-5490,Intel(R) Core(TM) Ultra 7 165H,sklib-0.15.0,chr1,63,31,1,inter,size,0.3,0.2998,102961065,2.731,8,NA,NA,NA,NA,NA,NA,NA,NA,NA
2026-08-18T00:13:36+02:00,yoann-Precision-5490,Intel(R) Core(TM) Ultra 7 165H,sklib-0.15.0,chr1,63,31,1,inter,nocompact,0.3,0.2998,102961065,10.955,13,3500741762,102961065,1.00000,272.0051,0.143282,3.86219,5.23973,1.0027,10.2647
2026-08-18T00:13:58+02:00,yoann-Precision-5490,Intel(R) Core(TM) Ultra 7 165H,sklib-0.15.0,chr1,63,31,1,inter,compact,0.3,0.2998,102961065,7.114,13,251970804,7408978,0.07196,19.5779,0.133665,3.47732,3.38207,0.111327,7.10555
2026-08-18T00:14:05+02:00,yoann-Precision-5490,Intel(R) Core(TM) Ultra 7 165H,sklib-0.15.0,chr1,63,31,1,union,size,0.3,0.2998,343457253,2.531,8,NA,NA,NA,NA,NA,NA,NA,NA,NA
2026-08-18T00:15:27+02:00,yoann-Precision-5490,Intel(R) Core(TM) Ultra 7 165H,sklib-0.15.0,chr1,63,31,1,union,nocompact,0.3,0.2998,343457253,27.377,28,11677612154,343457253,1.00000,272.0015,0.145105,5.26838,17.786,3.36711,26.5648
2026-08-18T00:16:15+02:00,yoann-Precision-5490,Intel(R) Core(TM) Ultra 7 165H,sklib-0.15.0,chr1,63,31,1,union,compact,0.3,0.2998,343457253,15.815,23,750374662,22067915,0.06425,17.4781,0.138279,4.25728,11.013,0.251179,15.6611
2026-08-18T00:16:22+02:00,yoann-Precision-5490,Intel(R) Core(TM) Ultra 7 165H,sklib-0.15.0,chr1,63,31,1,diffab,size,0.3,0.2998,117014613,2.495,7,NA,NA,NA,NA,NA,NA,NA,NA,NA
2026-08-18T00:16:54+02:00,yoann-Precision-5490,Intel(R) Core(TM) Ultra 7 165H,sklib-0.15.0,chr1,63,31,1,diffab,nocompact,0.3,0.2998,117014613,10.652,14,3978562394,117014613,1.00000,272.0045,0.137541,2.9692,5.59565,1.09545,9.79467
2026-08-18T00:17:15+02:00,yoann-Precision-5490,Intel(R) Core(TM) Ultra 7 165H,sklib-0.15.0,chr1,63,31,1,diffab,compact,0.3,0.2998,117014613,6.867,13,281477500,8276822,0.07073,19.2439,0.131852,2.74541,3.83601,0.119586,6.83333
2026-08-18T00:17:22+02:00,yoann-Precision-5490,Intel(R) Core(TM) Ultra 7 165H,sklib-0.15.0,chr1,63,31,1,diffba,size,0.3,0.2998,123481575,2.497,7,NA,NA,NA,NA,NA,NA,NA,NA,NA
2026-08-18T00:17:54+02:00,yoann-Precision-5490,Intel(R) Core(TM) Ultra 7 165H,sklib-0.15.0,chr1,63,31,1,diffba,nocompact,0.3,0.2998,123481575,10.421,12,4198439102,123481575,1.00000,272.0042,0.138575,3.01013,5.96201,1.16306,10.2897
2026-08-18T00:18:16+02:00,yoann-Precision-5490,Intel(R) Core(TM) Ultra 7 165H,sklib-0.15.0,chr1,63,31,1,diffba,compact,0.3,0.2998,123481575,7.309,12,291795548,8580294,0.06949,18.9046,0.132177,2.86663,4.10609,0.123075,7.22823
2026-08-18T00:18:18+02:00,yoann-Precision-5490,Intel(R) Core(TM) Ultra 7 165H,sklib-0.15.0,chr1,63,31,8,inter,size,0.3,0.2998,102961065,0.514,16,NA,NA,NA,NA,NA,NA,NA,NA,NA
2026-08-18T00:18:26+02:00,yoann-Precision-5490,Intel(R) Core(TM) Ultra 7 165H,sklib-0.15.0,chr1,63,31,8,inter,nocompact,0.3,0.2998,102961065,2.748,64,3500741762,102961065,1.00000,272.0051,NA,NA,NA,NA,NA
2026-08-18T00:18:31+02:00,yoann-Precision-5490,Intel(R) Core(TM) Ultra 7 165H,sklib-0.15.0,chr1,63,31,8,inter,compact,0.3,0.2998,102961065,1.512,44,251970804,7408978,0.07196,19.5779,NA,NA,NA,NA,NA
2026-08-18T00:18:32+02:00,yoann-Precision-5490,Intel(R) Core(TM) Ultra 7 165H,sklib-0.15.0,chr1,63,31,8,union,size,0.3,0.2998,343457253,0.570,15,NA,NA,NA,NA,NA,NA,NA,NA,NA
2026-08-18T00:18:58+02:00,yoann-Precision-5490,Intel(R) Core(TM) Ultra 7 165H,sklib-0.15.0,chr1,63,31,8,union,nocompact,0.3,0.2998,343457253,8.267,163,11677612154,343457253,1.00000,272.0015,NA,NA,NA,NA,NA
2026-08-18T00:19:11+02:00,yoann-Precision-5490,Intel(R) Core(TM) Ultra 7 165H,sklib-0.15.0,chr1,63,31,8,union,compact,0.3,0.2998,343457253,4.377,100,750374662,22067915,0.06425,17.4781,NA,NA,NA,NA,NA
2026-08-18T00:19:13+02:00,yoann-Precision-5490,Intel(R) Core(TM) Ultra 7 165H,sklib-0.15.0,chr1,63,31,8,diffab,size,0.3,0.2998,117014613,0.644,15,NA,NA,NA,NA,NA,NA,NA,NA,NA
2026-08-18T00:19:24+02:00,yoann-Precision-5490,Intel(R) Core(TM) Ultra 7 165H,sklib-0.15.0,chr1,63,31,8,diffab,nocompact,0.3,0.2998,117014613,4.107,65,3978562394,117014613,1.00000,272.0045,NA,NA,NA,NA,NA
2026-08-18T00:19:29+02:00,yoann-Precision-5490,Intel(R) Core(TM) Ultra 7 165H,sklib-0.15.0,chr1,63,31,8,diffab,compact,0.3,0.2998,117014613,1.713,44,281477500,8276822,0.07073,19.2439,NA,NA,NA,NA,NA
2026-08-18T00:19:31+02:00,yoann-Precision-5490,Intel(R) Core(TM) Ultra 7 165H,sklib-0.15.0,chr1,63,31,8,diffba,size,0.3,0.2998,123481575,0.635,15,NA,NA,NA,NA,NA,NA,NA,NA,NA
2026-08-18T00:19:41+02:00,yoann-Precision-5490,Intel(R) Core(TM) Ultra 7 165H,sklib-0.15.0,chr1,63,31,8,diffba,nocompact,0.3,0.2998,123481575,3.451,59,4198439102,123481575,1.00000,272.0042,NA,NA,NA,NA,NA
2026-08-18T00:19:46+02:00,yoann-Precision-5490,Intel(R) Core(TM) Ultra 7 165H,sklib-0.15.0,chr1,63,31,8,diffba,compact,0.3,0.2998,123481575,1.820,42,291795548,8580294,0.06949,18.9046,NA,NA,NA,NA,NA
2026-08-18T00:19:58+02:00,yoann-Precision-5490,Intel(R) Core(TM) Ultra 7 165H,sklib-0.15.0,chr1,63,31,1,inter,size,0.5,0.4982,147675384,1.992,7,NA,NA,NA,NA,NA,NA,NA,NA,NA
2026-08-18T00:20:41+02:00,yoann-Precision-5490,Intel(R) Core(TM) Ultra 7 165H,sklib-0.15.0,chr1,63,31,1,inter,nocompact,0.5,0.4982,147675384,13.873,17,5021028608,147675384,1.00000,272.0036,0.143184,4.30747,7.63496,1.57421,13.6288
2026-08-18T00:21:05+02:00,yoann-Precision-5490,Intel(R) Core(TM) Ultra 7 165H,sklib-0.15.0,chr1,63,31,1,inter,compact,0.5,0.4982,147675384,7.847,15,335187164,9856518,0.06674,18.1581,0.131372,2.90246,4.55305,0.133944,7.72313
2026-08-18T00:21:10+02:00,yoann-Precision-5490,Intel(R) Core(TM) Ultra 7 165H,sklib-0.15.0,chr1,63,31,1,union,size,0.5,0.4982,296404980,1.823,8,NA,NA,NA,NA,NA,NA,NA,NA,NA
2026-08-18T00:22:28+02:00,yoann-Precision-5490,Intel(R) Core(TM) Ultra 7 165H,sklib-0.15.0,chr1,63,31,1,union,nocompact,0.5,0.4982,296404980,26.059,26,10077834872,296404980,1.00000,272.0018,0.141829,6.52234,15.1301,3.20245,24.9963
2026-08-18T00:23:08+02:00,yoann-Precision-5490,Intel(R) Core(TM) Ultra 7 165H,sklib-0.15.0,chr1,63,31,1,union,compact,0.5,0.4982,296404980,13.086,24,643027924,18910658,0.06380,17.3554,0.136331,3.38263,9.33844,0.221304,13.0756
2026-08-18T00:23:13+02:00,yoann-Precision-5490,Intel(R) Core(TM) Ultra 7 165H,sklib-0.15.0,chr1,63,31,1,diffab,size,0.5,0.4982,72300294,1.792,7,NA,NA,NA,NA,NA,NA,NA,NA,NA
2026-08-18T00:23:34+02:00,yoann-Precision-5490,Intel(R) Core(TM) Ultra 7 165H,sklib-0.15.0,chr1,63,31,1,diffab,nocompact,0.5,0.4982,72300294,6.954,12,2458275548,72300294,1.00000,272.0073,0.128532,2.12739,3.47394,0.655835,6.38554
2026-08-18T00:23:47+02:00,yoann-Precision-5490,Intel(R) Core(TM) Ultra 7 165H,sklib-0.15.0,chr1,63,31,1,diffab,compact,0.5,0.4982,72300294,4.354,10,178886716,5259446,0.07274,19.7937,0.10627,1.89899,2.20127,0.0769028,4.28364
2026-08-18T00:23:53+02:00,yoann-Precision-5490,Intel(R) Core(TM) Ultra 7 165H,sklib-0.15.0,chr1,63,31,1,diffba,size,0.5,0.4982,76429302,1.849,7,NA,NA,NA,NA,NA,NA,NA,NA,NA
2026-08-18T00:24:14+02:00,yoann-Precision-5490,Intel(R) Core(TM) Ultra 7 165H,sklib-0.15.0,chr1,63,31,1,diffba,nocompact,0.5,0.4982,76429302,7.136,12,2598661820,76429302,1.00000,272.0069,0.130312,2.1102,3.62155,0.693912,6.55293
2026-08-18T00:24:28+02:00,yoann-Precision-5490,Intel(R) Core(TM) Ultra 7 165H,sklib-0.15.0,chr1,63,31,1,diffba,compact,0.5,0.4982,76429302,4.539,11,186260500,5476322,0.07165,19.4962,0.112007,1.97626,2.36075,0.078662,4.52903
2026-08-18T00:24:29+02:00,yoann-Precision-5490,Intel(R) Core(TM) Ultra 7 165H,sklib-0.15.0,chr1,63,31,8,inter,size,0.5,0.4982,147675384,0.355,16,NA,NA,NA,NA,NA,NA,NA,NA,NA
2026-08-18T00:24:40+02:00,yoann-Precision-5490,Intel(R) Core(TM) Ultra 7 165H,sklib-0.15.0,chr1,63,31,8,inter,nocompact,0.5,0.4982,147675384,4.073,89,5021028608,147675384,1.00000,272.0036,NA,NA,NA,NA,NA
2026-08-18T00:24:46+02:00,yoann-Precision-5490,Intel(R) Core(TM) Ultra 7 165H,sklib-0.15.0,chr1,63,31,8,inter,compact,0.5,0.4982,147675384,1.841,58,335187164,9856518,0.06674,18.1581,NA,NA,NA,NA,NA
2026-08-18T00:24:47+02:00,yoann-Precision-5490,Intel(R) Core(TM) Ultra 7 165H,sklib-0.15.0,chr1,63,31,8,union,size,0.5,0.4982,296404980,0.408,17,NA,NA,NA,NA,NA,NA,NA,NA,NA
2026-08-18T00:25:09+02:00,yoann-Precision-5490,Intel(R) Core(TM) Ultra 7 165H,sklib-0.15.0,chr1,63,31,8,union,nocompact,0.5,0.4982,296404980,7.573,159,10077834872,296404980,1.00000,272.0018,NA,NA,NA,NA,NA
2026-08-18T00:25:20+02:00,yoann-Precision-5490,Intel(R) Core(TM) Ultra 7 165H,sklib-0.15.0,chr1,63,31,8,union,compact,0.5,0.4982,296404980,3.595,92,643027924,18910658,0.06380,17.3554,NA,NA,NA,NA,NA
2026-08-18T00:25:21+02:00,yoann-Precision-5490,Intel(R) Core(TM) Ultra 7 165H,sklib-0.15.0,chr1,63,31,8,diffab,size,0.5,0.4982,72300294,0.438,16,NA,NA,NA,NA,NA,NA,NA,NA,NA
2026-08-18T00:25:27+02:00,yoann-Precision-5490,Intel(R) Core(TM) Ultra 7 165H,sklib-0.15.0,chr1,63,31,8,diffab,nocompact,0.5,0.4982,72300294,2.071,50,2458275548,72300294,1.00000,272.0073,NA,NA,NA,NA,NA
2026-08-18T00:25:31+02:00,yoann-Precision-5490,Intel(R) Core(TM) Ultra 7 165H,sklib-0.15.0,chr1,63,31,8,diffab,compact,0.5,0.4982,72300294,1.100,35,178886716,5259446,0.07274,19.7937,NA,NA,NA,NA,NA
2026-08-18T00:25:32+02:00,yoann-Precision-5490,Intel(R) Core(TM) Ultra 7 165H,sklib-0.15.0,chr1,63,31,8,diffba,size,0.5,0.4982,76429302,0.444,16,NA,NA,NA,NA,NA,NA,NA,NA,NA
2026-08-18T00:25:39+02:00,yoann-Precision-5490,Intel(R) Core(TM) Ultra 7 165H,sklib-0.15.0,chr1,63,31,8,diffba,nocompact,0.5,0.4982,76429302,2.267,51,2598661820,76429302,1.00000,272.0069,NA,NA,NA,NA,NA
2026-08-18T00:25:42+02:00,yoann-Precision-5490,Intel(R) Core(TM) Ultra 7 165H,sklib-0.15.0,chr1,63,31,8,diffba,compact,0.5,0.4982,76429302,1.117,32,186260500,5476322,0.07165,19.4962,NA,NA,NA,NA,NA
2026-08-18T00:25:51+02:00,yoann-Precision-5490,Intel(R) Core(TM) Ultra 7 165H,sklib-0.15.0,chr1,63,31,1,inter,size,0.7,0.6976,181706461,1.235,7,NA,NA,NA,NA,NA,NA,NA,NA,NA
2026-08-18T00:26:37+02:00,yoann-Precision-5490,Intel(R) Core(TM) Ultra 7 165H,sklib-0.15.0,chr1,63,31,1,inter,nocompact,0.7,0.6976,181706461,15.301,18,6178085226,181706461,1.00000,272.0029,0.143064,2.94975,9.451,1.81703,14.3583
2026-08-18T00:27:04+02:00,yoann-Precision-5490,Intel(R) Core(TM) Ultra 7 165H,sklib-0.15.0,chr1,63,31,1,inter,compact,0.7,0.6976,181706461,8.672,16,393857496,11582116,0.06374,17.3404,0.133019,2.42213,5.85407,0.154048,8.5607
2026-08-18T00:27:07+02:00,yoann-Precision-5490,Intel(R) Core(TM) Ultra 7 165H,sklib-0.15.0,chr1,63,31,1,union,size,0.7,0.6976,260484443,1.115,7,NA,NA,NA,NA,NA,NA,NA,NA,NA
2026-08-18T00:28:07+02:00,yoann-Precision-5490,Intel(R) Core(TM) Ultra 7 165H,sklib-0.15.0,chr1,63,31,1,union,nocompact,0.7,0.6976,260484443,20.057,26,8856536614,260484443,1.00000,272.0020,0.141408,3.19905,13.1674,2.56622,19.0657
2026-08-18T00:28:43+02:00,yoann-Precision-5490,Intel(R) Core(TM) Ultra 7 165H,sklib-0.15.0,chr1,63,31,1,union,compact,0.7,0.6976,260484443,11.925,23,556737590,16372707,0.06285,17.0985,0.134825,2.65696,8.88377,0.197436,11.8758
2026-08-18T00:28:46+02:00,yoann-Precision-5490,Intel(R) Core(TM) Ultra 7 165H,sklib-0.15.0,chr1,63,31,1,diffab,size,0.7,0.6976,38269217,1.077,7,NA,NA,NA,NA,NA,NA,NA,NA,NA
2026-08-18T00:28:57+02:00,yoann-Precision-5490,Intel(R) Core(TM) Ultra 7 165H,sklib-0.15.0,chr1,63,31,1,diffab,nocompact,0.7,0.6976,38269217,3.641,9,1301218930,38269217,1.00000,272.0137,0.0990123,1.22634,1.79646,0.33206,3.45388
2026-08-18T00:29:04+02:00,yoann-Precision-5490,Intel(R) Core(TM) Ultra 7 165H,sklib-0.15.0,chr1,63,31,1,diffab,compact,0.7,0.6976,38269217,2.398,9,96280146,2829841,0.07395,20.1269,0.0909576,1.07869,1.15206,0.0455985,2.36041
2026-08-18T00:29:08+02:00,yoann-Precision-5490,Intel(R) Core(TM) Ultra 7 165H,sklib-0.15.0,chr1,63,31,1,diffba,size,0.7,0.6976,40508765,1.105,7,NA,NA,NA,NA,NA,NA,NA,NA,NA
2026-08-18T00:29:19+02:00,yoann-Precision-5490,Intel(R) Core(TM) Ultra 7 165H,sklib-0.15.0,chr1,63,31,1,diffba,nocompact,0.7,0.6976,40508765,3.904,9,1377363562,40508765,1.00000,272.0129,0.100131,1.23519,1.91731,0.351009,3.60363
2026-08-18T00:29:27+02:00,yoann-Precision-5490,Intel(R) Core(TM) Ultra 7 165H,sklib-0.15.0,chr1,63,31,1,diffba,compact,0.7,0.6976,40508765,2.514,9,100551362,2955465,0.07296,19.8577,0.0929425,1.12664,1.23902,0.0421411,2.50597
2026-08-18T00:29:28+02:00,yoann-Precision-5490,Intel(R) Core(TM) Ultra 7 165H,sklib-0.15.0,chr1,63,31,8,inter,size,0.7,0.6976,181706461,0.213,14,NA,NA,NA,NA,NA,NA,NA,NA,NA
2026-08-18T00:29:41+02:00,yoann-Precision-5490,Intel(R) Core(TM) Ultra 7 165H,sklib-0.15.0,chr1,63,31,8,inter,nocompact,0.7,0.6976,181706461,4.652,102,6178085226,181706461,1.00000,272.0029,NA,NA,NA,NA,NA
2026-08-18T00:29:47+02:00,yoann-Precision-5490,Intel(R) Core(TM) Ultra 7 165H,sklib-0.15.0,chr1,63,31,8,inter,compact,0.7,0.6976,181706461,2.098,65,393857496,11582116,0.06374,17.3404,NA,NA,NA,NA,NA
2026-08-18T00:29:48+02:00,yoann-Precision-5490,Intel(R) Core(TM) Ultra 7 165H,sklib-0.15.0,chr1,63,31,8,union,size,0.7,0.6976,260484443,0.244,14,NA,NA,NA,NA,NA,NA,NA,NA,NA
2026-08-18T00:30:06+02:00,yoann-Precision-5490,Intel(R) Core(TM) Ultra 7 165H,sklib-0.15.0,chr1,63,31,8,union,nocompact,0.7,0.6976,260484443,6.285,115,8856536614,260484443,1.00000,272.0020,NA,NA,NA,NA,NA
2026-08-18T00:30:16+02:00,yoann-Precision-5490,Intel(R) Core(TM) Ultra 7 165H,sklib-0.15.0,chr1,63,31,8,union,compact,0.7,0.6976,260484443,3.145,86,556737590,16372707,0.06285,17.0985,NA,NA,NA,NA,NA
2026-08-18T00:30:17+02:00,yoann-Precision-5490,Intel(R) Core(TM) Ultra 7 165H,sklib-0.15.0,chr1,63,31,8,diffab,size,0.7,0.6976,38269217,0.264,15,NA,NA,NA,NA,NA,NA,NA,NA,NA
2026-08-18T00:30:20+02:00,yoann-Precision-5490,Intel(R) Core(TM) Ultra 7 165H,sklib-0.15.0,chr1,63,31,8,diffab,nocompact,0.7,0.6976,38269217,1.089,32,1301218930,38269217,1.00000,272.0137,NA,NA,NA,NA,NA
2026-08-18T00:30:22+02:00,yoann-Precision-5490,Intel(R) Core(TM) Ultra 7 165H,sklib-0.15.0,chr1,63,31,8,diffab,compact,0.7,0.6976,38269217,0.585,23,96280146,2829841,0.07395,20.1269,NA,NA,NA,NA,NA
2026-08-18T00:30:22+02:00,yoann-Precision-5490,Intel(R) Core(TM) Ultra 7 165H,sklib-0.15.0,chr1,63,31,8,diffba,size,0.7,0.6976,40508765,0.261,15,NA,NA,NA,NA,NA,NA,NA,NA,NA
2026-08-18T00:30:26+02:00,yoann-Precision-5490,Intel(R) Core(TM) Ultra 7 165H,sklib-0.15.0,chr1,63,31,8,diffba,nocompact,0.7,0.6976,40508765,1.141,32,1377363562,40508765,1.00000,272.0129,NA,NA,NA,NA,NA
2026-08-18T00:30:28+02:00,yoann-Precision-5490,Intel(R) Core(TM) Ultra 7 165H,sklib-0.15.0,chr1,63,31,8,diffba,compact,0.7,0.6976,40508765,0.609,22,100551362,2955465,0.07296,19.8577,NA,NA,NA,NA,NA
2026-08-18T00:30:34+02:00,yoann-Precision-5490,Intel(R) Core(TM) Ultra 7 165H,sklib-0.15.0,chr1,63,31,1,inter,size,0.9,0.8987,208555162,0.514,7,NA,NA,NA,NA,NA,NA,NA,NA,NA
2026-08-18T00:31:24+02:00,yoann-Precision-5490,Intel(R) Core(TM) Ultra 7 165H,sklib-0.15.0,chr1,63,31,1,inter,nocompact,0.9,0.8987,208555162,16.798,19,7090941060,208555162,1.00000,272.0025,0.142288,2.61659,10.8821,2.11284,15.7521
2026-08-18T00:31:52+02:00,yoann-Precision-5490,Intel(R) Core(TM) Ultra 7 165H,sklib-0.15.0,chr1,63,31,1,inter,compact,0.9,0.8987,208555162,9.125,18,437975556,12879706,0.06176,16.8004,0.133056,1.95024,6.81316,0.164282,9.06371
2026-08-18T00:31:53+02:00,yoann-Precision-5490,Intel(R) Core(TM) Ultra 7 165H,sklib-0.15.0,chr1,63,31,1,union,size,0.9,0.8987,232072368,0.457,7,NA,NA,NA,NA,NA,NA,NA,NA,NA
2026-08-18T00:32:46+02:00,yoann-Precision-5490,Intel(R) Core(TM) Ultra 7 165H,sklib-0.15.0,chr1,63,31,1,union,nocompact,0.9,0.8987,232072368,17.853,26,7890526064,232072368,1.00000,272.0023,0.140506,2.55826,11.7683,2.30204,16.7774
2026-08-18T00:33:16+02:00,yoann-Precision-5490,Intel(R) Core(TM) Ultra 7 165H,sklib-0.15.0,chr1,63,31,1,union,compact,0.9,0.8987,232072368,9.858,23,486518682,14307445,0.06165,16.7713,0.130916,1.9875,7.45507,0.17519,9.71663
2026-08-18T00:33:17+02:00,yoann-Precision-5490,Intel(R) Core(TM) Ultra 7 165H,sklib-0.15.0,chr1,63,31,1,diffab,size,0.9,0.8987,11420516,0.455,7,NA,NA,NA,NA,NA,NA,NA,NA,NA
2026-08-18T00:33:21+02:00,yoann-Precision-5490,Intel(R) Core(TM) Ultra 7 165H,sklib-0.15.0,chr1,63,31,1,diffab,nocompact,0.9,0.8987,11420516,1.183,8,388363096,11420516,1.00000,272.0459,0.0788047,0.414774,0.506079,0.106453,1.10651
2026-08-18T00:33:24+02:00,yoann-Precision-5490,Intel(R) Core(TM) Ultra 7 165H,sklib-0.15.0,chr1,63,31,1,diffab,compact,0.9,0.8987,11420516,0.850,7,29032974,851983,0.07460,20.3374,0.0780544,0.38888,0.351303,0.0136306,0.832932
2026-08-18T00:33:25+02:00,yoann-Precision-5490,Intel(R) Core(TM) Ultra 7 165H,sklib-0.15.0,chr1,63,31,1,diffba,size,0.9,0.8987,12096690,0.454,7,NA,NA,NA,NA,NA,NA,NA,NA,NA
2026-08-18T00:33:29+02:00,yoann-Precision-5490,Intel(R) Core(TM) Ultra 7 165H,sklib-0.15.0,chr1,63,31,1,diffba,nocompact,0.9,0.8987,12096690,1.280,7,411353012,12096690,1.00000,272.0434,0.0804962,0.430756,0.536908,0.128231,1.17514
2026-08-18T00:33:32+02:00,yoann-Precision-5490,Intel(R) Core(TM) Ultra 7 165H,sklib-0.15.0,chr1,63,31,1,diffba,compact,0.9,0.8987,12096690,0.885,7,30408648,892444,0.07378,20.1104,0.0798529,0.392395,0.377915,0.014717,0.866388
2026-08-18T00:33:32+02:00,yoann-Precision-5490,Intel(R) Core(TM) Ultra 7 165H,sklib-0.15.0,chr1,63,31,8,inter,size,0.9,0.8987,208555162,0.116,12,NA,NA,NA,NA,NA,NA,NA,NA,NA
2026-08-18T00:33:47+02:00,yoann-Precision-5490,Intel(R) Core(TM) Ultra 7 165H,sklib-0.15.0,chr1,63,31,8,inter,nocompact,0.9,0.8987,208555162,5.091,105,7090941060,208555162,1.00000,272.0025,NA,NA,NA,NA,NA
2026-08-18T00:33:54+02:00,yoann-Precision-5490,Intel(R) Core(TM) Ultra 7 165H,sklib-0.15.0,chr1,63,31,8,inter,compact,0.9,0.8987,208555162,2.299,73,437975556,12879706,0.06176,16.8004,NA,NA,NA,NA,NA
2026-08-18T00:33:54+02:00,yoann-Precision-5490,Intel(R) Core(TM) Ultra 7 165H,sklib-0.15.0,chr1,63,31,8,union,size,0.9,0.8987,232072368,0.138,12,NA,NA,NA,NA,NA,NA,NA,NA,NA
2026-08-18T00:34:10+02:00,yoann-Precision-5490,Intel(R) Core(TM) Ultra 7 165H,sklib-0.15.0,chr1,63,31,8,union,nocompact,0.9,0.8987,232072368,5.646,106,7890526064,232072368,1.00000,272.0023,NA,NA,NA,NA,NA
2026-08-18T00:34:18+02:00,yoann-Precision-5490,Intel(R) Core(TM) Ultra 7 165H,sklib-0.15.0,chr1,63,31,8,union,compact,0.9,0.8987,232072368,2.650,80,486518682,14307445,0.06165,16.7713,NA,NA,NA,NA,NA
2026-08-18T00:34:19+02:00,yoann-Precision-5490,Intel(R) Core(TM) Ultra 7 165H,sklib-0.15.0,chr1,63,31,8,diffab,size,0.9,0.8987,11420516,0.139,12,NA,NA,NA,NA,NA,NA,NA,NA,NA
2026-08-18T00:34:20+02:00,yoann-Precision-5490,Intel(R) Core(TM) Ultra 7 165H,sklib-0.15.0,chr1,63,31,8,diffab,nocompact,0.9,0.8987,11420516,0.349,16,388363096,11420516,1.00000,272.0459,NA,NA,NA,NA,NA
2026-08-18T00:34:21+02:00,yoann-Precision-5490,Intel(R) Core(TM) Ultra 7 165H,sklib-0.15.0,chr1,63,31,8,diffab,compact,0.9,0.8987,11420516,0.203,15,29032974,851983,0.07460,20.3374,NA,NA,NA,NA,NA
2026-08-18T00:34:21+02:00,yoann-Precision-5490,Intel(R) Core(TM) Ultra 7 165H,sklib-0.15.0,chr1,63,31,8,diffba,size,0.9,0.8987,12096690,0.149,12,NA,NA,NA,NA,NA,NA,NA,NA,NA
2026-08-18T00:34:22+02:00,yoann-Precision-5490,Intel(R) Core(TM) Ultra 7 165H,sklib-0.15.0,chr1,63,31,8,diffba,nocompact,0.9,0.8987,12096690,0.365,17,411353012,12096690,1.00000,272.0434,NA,NA,NA,NA,NA
2026-08-18T00:34:23+02:00,yoann-Precision-5490,Intel(R) Core(TM) Ultra 7 165H,sklib-0.15.0,chr1,63,31,8,diffba,compact,0.9,0.8987,12096690,0.208,15,30408648,892444,0.07378,20.1104,NA,NA,NA,NA,NA
2026-08-18T00:34:29+02:00,yoann-Precision-5490,Intel(R) Core(TM) Ultra 7 165H,sklib-0.15.0,chr1,63,31,1,inter,size,1.0,1.0000,219975678,0.226,7,NA,NA,NA,NA,NA,NA,NA,NA,NA
2026-08-18T00:35:19+02:00,yoann-Precision-5490,Intel(R) Core(TM) Ultra 7 165H,sklib-0.15.0,chr1,63,31,1,inter,nocompact,1.0,1.0000,219975678,16.575,19,7479238604,219975678,1.00000,272.0024,0.142919,2.33191,11.2733,2.231,15.9791
2026-08-18T00:35:47+02:00,yoann-Precision-5490,Intel(R) Core(TM) Ultra 7 165H,sklib-0.15.0,chr1,63,31,1,inter,compact,1.0,1.0000,219975678,9.279,19,456185718,13415299,0.06099,16.5904,0.132423,1.70896,7.13523,0.168551,9.14801
2026-08-18T00:35:47+02:00,yoann-Precision-5490,Intel(R) Core(TM) Ultra 7 165H,sklib-0.15.0,chr1,63,31,1,union,size,1.0,1.0000,219975678,0.206,7,NA,NA,NA,NA,NA,NA,NA,NA,NA
2026-08-18T00:36:37+02:00,yoann-Precision-5490,Intel(R) Core(TM) Ultra 7 165H,sklib-0.15.0,chr1,63,31,1,union,nocompact,1.0,1.0000,219975678,16.714,19,7479238604,219975678,1.00000,272.0024,0.14009,2.28343,11.0253,2.18042,15.6289
2026-08-18T00:37:04+02:00,yoann-Precision-5490,Intel(R) Core(TM) Ultra 7 165H,sklib-0.15.0,chr1,63,31,1,union,compact,1.0,1.0000,219975678,8.994,19,456185718,13415299,0.06099,16.5904,0.13067,1.66064,6.92411,0.163605,8.87815
2026-08-18T00:37:05+02:00,yoann-Precision-5490,Intel(R) Core(TM) Ultra 7 165H,sklib-0.15.0,chr1,63,31,1,diffab,size,1.0,1.0000,0,0.209,7,NA,NA,NA,NA,NA,NA,NA,NA,NA
2026-08-18T00:37:05+02:00,yoann-Precision-5490,Intel(R) Core(TM) Ultra 7 165H,sklib-0.15.0,chr1,63,31,1,diffab,nocompact,1.0,1.0000,0,0.184,7,65552,0,NA,NA,0.0744625,0.0995657,6.0784e-05,0.000225462,0.174739
2026-08-18T00:37:06+02:00,yoann-Precision-5490,Intel(R) Core(TM) Ultra 7 165H,sklib-0.15.0,chr1,63,31,1,diffab,compact,1.0,1.0000,0,0.185,7,65552,0,NA,NA,0.0747943,0.101181,6.1209e-05,0.000243354,0.17628
2026-08-18T00:37:07+02:00,yoann-Precision-5490,Intel(R) Core(TM) Ultra 7 165H,sklib-0.15.0,chr1,63,31,1,diffba,size,1.0,1.0000,0,0.211,7,NA,NA,NA,NA,NA,NA,NA,NA,NA
2026-08-18T00:37:07+02:00,yoann-Precision-5490,Intel(R) Core(TM) Ultra 7 165H,sklib-0.15.0,chr1,63,31,1,diffba,nocompact,1.0,1.0000,0,0.187,7,65552,0,NA,NA,0.0753094,0.0970656,5.8307e-05,0.000224201,0.178472
2026-08-18T00:37:08+02:00,yoann-Precision-5490,Intel(R) Core(TM) Ultra 7 165H,sklib-0.15.0,chr1,63,31,1,diffba,compact,1.0,1.0000,0,0.188,7,65552,0,NA,NA,0.0766656,0.103528,6.2307e-05,0.000243992,0.1805
2026-08-18T00:37:08+02:00,yoann-Precision-5490,Intel(R) Core(TM) Ultra 7 165H,sklib-0.15.0,chr1,63,31,8,inter,size,1.0,1.0000,219975678,0.105,11,NA,NA,NA,NA,NA,NA,NA,NA,NA
2026-08-18T00:37:24+02:00,yoann-Precision-5490,Intel(R) Core(TM) Ultra 7 165H,sklib-0.15.0,chr1,63,31,8,inter,nocompact,1.0,1.0000,219975678,5.371,93,7479238604,219975678,1.00000,272.0024,NA,NA,NA,NA,NA
2026-08-18T00:37:31+02:00,yoann-Precision-5490,Intel(R) Core(TM) Ultra 7 165H,sklib-0.15.0,chr1,63,31,8,inter,compact,1.0,1.0000,219975678,2.371,75,456185718,13415299,0.06099,16.5904,NA,NA,NA,NA,NA
2026-08-18T00:37:31+02:00,yoann-Precision-5490,Intel(R) Core(TM) Ultra 7 165H,sklib-0.15.0,chr1,63,31,8,union,size,1.0,1.0000,219975678,0.107,11,NA,NA,NA,NA,NA,NA,NA,NA,NA
2026-08-18T00:37:46+02:00,yoann-Precision-5490,Intel(R) Core(TM) Ultra 7 165H,sklib-0.15.0,chr1,63,31,8,union,nocompact,1.0,1.0000,219975678,5.233,111,7479238604,219975678,1.00000,272.0024,NA,NA,NA,NA,NA
2026-08-18T00:37:54+02:00,yoann-Precision-5490,Intel(R) Core(TM) Ultra 7 165H,sklib-0.15.0,chr1,63,31,8,union,compact,1.0,1.0000,219975678,2.527,75,456185718,13415299,0.06099,16.5904,NA,NA,NA,NA,NA
2026-08-18T00:37:54+02:00,yoann-Precision-5490,Intel(R) Core(TM) Ultra 7 165H,sklib-0.15.0,chr1,63,31,8,diffab,size,1.0,1.0000,0,0.123,11,NA,NA,NA,NA,NA,NA,NA,NA,NA
2026-08-18T00:37:54+02:00,yoann-Precision-5490,Intel(R) Core(TM) Ultra 7 165H,sklib-0.15.0,chr1,63,31,8,diffab,nocompact,1.0,1.0000,0,0.045,11,65552,0,NA,NA,NA,NA,NA,NA,NA
2026-08-18T00:37:55+02:00,yoann-Precision-5490,Intel(R) Core(TM) Ultra 7 165H,sklib-0.15.0,chr1,63,31,8,diffab,compact,1.0,1.0000,0,0.045,11,65552,0,NA,NA,NA,NA,NA,NA,NA
2026-08-18T00:37:55+02:00,yoann-Precision-5490,Intel(R) Core(TM) Ultra 7 165H,sklib-0.15.0,chr1,63,31,8,diffba,size,1.0,1.0000,0,0.129,11,NA,NA,NA,NA,NA,NA,NA,NA,NA
2026-08-18T00:37:55+02:00,yoann-Precision-5490,Intel(R) Core(TM) Ultra 7 165H,sklib-0.15.0,chr1,63,31,8,diffba,nocompact,1.0,1.0000,0,0.048,12,65552,0,NA,NA,NA,NA,NA,NA,NA
2026-08-18T00:37:55+02:00,yoann-Precision-5490,Intel(R) Core(TM) Ultra 7 165H,sklib-0.15.0,chr1,63,31,8,diffba,compact,1.0,1.0000,0,0.046,11,65552,0,NA,NA,NA,NA,NA,NA,NA
